Station,LONG,LAT,ALT,Sep-64,Oct-64,Nov-64,Dec-64,Jan-65,Feb-65,Mar-65,Apr-65,May-65,Jun-65,Jul-65,Aug-65,Sep-65,Oct-65,Nov-65,Dec-65,Jan-66,Feb-66,Mar-66,Apr-66,May-66,Jun-66,Jul-66,Aug-66,Sep-66,Oct-66,Nov-66,Dec-66,Jan-67,Feb-67,Mar-67,Apr-67,May-67,Jun-67,Jul-67,Aug-67,Sep-67,Oct-67,Nov-67,Dec-67,Jan-68,Feb-68,Mar-68,Apr-68,May-68,Jun-68,Jul-68,Aug-68,Sep-68,Oct-68,Nov-68,Dec-68,Jan-69,Feb-69,Mar-69,Apr-69,May-69,Jun-69,Jul-69,Aug-69,Sep-69,Oct-69,Nov-69,Dec-69,Jan-70,Feb-70,Mar-70,Apr-70,May-70,Jun-70,Jul-70,Aug-70,Sep-70,Oct-70,Nov-70,Dec-70,Jan-71,Feb-71,Mar-71,Apr-71,May-71,Jun-71,Jul-71,Aug-71,Sep-71,Oct-71,Nov-71,Dec-71,Jan-72,Feb-72,Mar-72,Apr-72,May-72,Jun-72,Jul-72,Aug-72,Sep-72,Oct-72,Nov-72,Dec-72,Jan-73,Feb-73,Mar-73,Apr-73,May-73,Jun-73,Jul-73,Aug-73,Sep-73,Oct-73,Nov-73,Dec-73,Jan-74,Feb-74,Mar-74,Apr-74,May-74,Jun-74,Jul-74,Aug-74,Sep-74,Oct-74,Nov-74,Dec-74,Jan-75,Feb-75,Mar-75,Apr-75,May-75,Jun-75,Jul-75,Aug-75,Sep-75,Oct-75,Nov-75,Dec-75,Jan-76,Feb-76,Mar-76,Apr-76,May-76,Jun-76,Jul-76,Aug-76,Sep-76,Oct-76,Nov-76,Dec-76,Jan-77,Feb-77,Mar-77,Apr-77,May-77,Jun-77,Jul-77,Aug-77,Sep-77,Oct-77,Nov-77,Dec-77,Jan-78,Feb-78,Mar-78,Apr-78,May-78,Jun-78,Jul-78,Aug-78,Sep-78,Oct-78,Nov-78,Dec-78,Jan-79,Feb-79,Mar-79,Apr-79,May-79,Jun-79,Jul-79,Aug-79,Sep-79,Oct-79,Nov-79,Dec-79,Jan-80,Feb-80,Mar-80,Apr-80,May-80,Jun-80,Jul-80,Aug-80,Sep-80,Oct-80,Nov-80,Dec-80,Jan-81,Feb-81,Mar-81,Apr-81,May-81,Jun-81,Jul-81,Aug-81,Sep-81,Oct-81,Nov-81,Dec-81,Jan-82,Feb-82,Mar-82,Apr-82,May-82,Jun-82,Jul-82,Aug-82,Sep-82,Oct-82,Nov-82,Dec-82,Jan-83,Feb-83,Mar-83,Apr-83,May-83,Jun-83,Jul-83,Aug-83,Sep-83,Oct-83,Nov-83,Dec-83,Jan-84,Feb-84,Mar-84,Apr-84,May-84,Jun-84,Jul-84,Aug-84,Sep-84,Oct-84,Nov-84,Dec-84,Jan-85,Feb-85,Mar-85,Apr-85,May-85,Jun-85,Jul-85,Aug-85,Sep-85,Oct-85,Nov-85,Dec-85,Jan-86,Feb-86,Mar-86,Apr-86,May-86,Jun-86,Jul-86,Aug-86,Sep-86,Oct-86,Nov-86,Dec-86,Jan-87,Feb-87,Mar-87,Apr-87,May-87,Jun-87,Jul-87,Aug-87,Sep-87,Oct-87,Nov-87,Dec-87,Jan-88,Feb-88,Mar-88,Apr-88,May-88,Jun-88,Jul-88,Aug-88,Sep-88,Oct-88,Nov-88,Dec-88,Jan-89,Feb-89,Mar-89,Apr-89,May-89,Jun-89,Jul-89,Aug-89,Sep-89,Oct-89,Nov-89,Dec-89,Jan-90,Feb-90,Mar-90,Apr-90,May-90,Jun-90,Jul-90,Aug-90,Sep-90,Oct-90,Nov-90,Dec-90,Jan-91,Feb-91,Mar-91,Apr-91,May-91,Jun-91,Jul-91,Aug-91,Sep-91,Oct-91,Nov-91,Dec-91,Jan-92,Feb-92,Mar-92,Apr-92,May-92,Jun-92,Jul-92,Aug-92,Sep-92,Oct-92,Nov-92,Dec-92,Jan-93,Feb-93,Mar-93,Apr-93,May-93,Jun-93,Jul-93,Aug-93,Sep-93,Oct-93,Nov-93,Dec-93,Jan-94,Feb-94,Mar-94,Apr-94,May-94,Jun-94,Jul-94,Aug-94,Sep-94,Oct-94,Nov-94,Dec-94,Jan-95,Feb-95,Mar-95,Apr-95,May-95,Jun-95,Jul-95,Aug-95,Sep-95,Oct-95,Nov-95,Dec-95,Jan-96,Feb-96,Mar-96,Apr-96,May-96,Jun-96,Jul-96,Aug-96,Sep-96,Oct-96,Nov-96,Dec-96,Jan-97,Feb-97,Mar-97,Apr-97,May-97,Jun-97,Jul-97,Aug-97,Sep-97,Oct-97,Nov-97,Dec-97,Jan-98,Feb-98,Mar-98,Apr-98,May-98,Jun-98,Jul-98,Aug-98,Sep-98,Oct-98,Nov-98,Dec-98,Jan-99,Feb-99,Mar-99,Apr-99,May-99,Jun-99,Jul-99,Aug-99,Sep-99,Oct-99,Nov-99,Dec-99,Jan-00,Feb-00,Mar-00,Apr-00,May-00,Jun-00,Jul-00,Aug-00,Sep-00,Oct-00,Nov-00,Dec-00,Jan-01,Feb-01,Mar-01,Apr-01,May-01,Jun-01,Jul-01,Aug-01,Sep-01,Oct-01,Nov-01,Dec-01,Jan-02,Feb-02,Mar-02,Apr-02,May-02,Jun-02,Jul-02,Aug-02,Sep-02,Oct-02,Nov-02,Dec-02,Jan-03,Feb-03,Mar-03,Apr-03,May-03,Jun-03,Jul-03,Aug-03,Sep-03,Oct-03,Nov-03,Dec-03,Jan-04,Feb-04,Mar-04,Apr-04,May-04,Jun-04,Jul-04,Aug-04,Sep-04,Oct-04,Nov-04,Dec-04,Jan-05,Feb-05,Mar-05,Apr-05,May-05,Jun-05,Jul-05,Aug-05,Sep-05,Oct-05,Nov-05,Dec-05,Jan-06,Feb-06,Mar-06,Apr-06,May-06,Jun-06,Jul-06,Aug-06,Sep-06,Oct-06,Nov-06,Dec-06,Jan-07,Feb-07,Mar-07,Apr-07,May-07,Jun-07,Jul-07,Aug-07,Sep-07,Oct-07,Nov-07,Dec-07,Jan-08,Feb-08,Mar-08,Apr-08,May-08,Jun-08,Jul-08,Aug-08,Sep-08,Oct-08,Nov-08,Dec-08,Jan-09,Feb-09,Mar-09,Apr-09,May-09,Jun-09,Jul-09,Aug-09,Sep-09,Oct-09,Nov-09,Dec-09,Jan-10,Feb-10,Mar-10,Apr-10,May-10,Jun-10,Jul-10,Aug-10,Sep-10,Oct-10,Nov-10,Dec-10,Jan-11,Feb-11,Mar-11,Apr-11,May-11,Jun-11,Jul-11,Aug-11,Sep-11,Oct-11,Nov-11,Dec-11,Jan-12,Feb-12,Mar-12,Apr-12,May-12,Jun-12,Jul-12,Aug-12,Sep-12,Oct-12,Nov-12,Dec-12,Jan-13,Feb-13,Mar-13,Apr-13,May-13,Jun-13,Jul-13,Aug-13,Sep-13,Oct-13,Nov-13,Dec-13,Jan-14,Feb-14,Mar-14,Apr-14,May-14,Jun-14,Jul-14,Aug-14,Sep-14,Oct-14,Nov-14,Dec-14,Jan-15,Feb-15,Mar-15,Apr-15,May-15,Jun-15,Jul-15,Aug-15,Sep-15,Oct-15,Nov-15,Dec-15,Jan-16,Feb-16,Mar-16,Apr-16,May-16,Jun-16,Jul-16,Aug-16
Aberporth,-4.56999,52.13914,133,34.1,90.4,60.2,144.3,110.7,13,75,52.6,34.2,83.2,52.2,37.5,110.8,35.6,110.8,186.1,54.7,120.4,23.9,107.9,62.8,79.3,83.7,54.1,46.3,155.9,75.3,102.3,78.3,90.5,36.7,19.6,110.3,32.1,92.8,52.1,149.3,173.8,64.7,65.4,89.8,29.9,49.2,90.4,47.5,69.9,56.8,39.6,90.6,93.8,65.6,86.3,107.2,46.2,48.8,47.3,94.8,45.8,29.5,78.6,25.8,30.3,146.4,99.6,97.5,79.2,76.1,67,28.1,47.3,57.4,42.6,49.4,108.3,181.4,42.9,106.9,31.7,62.8,59.4,44.7,116.9,61.4,136.4,42.3,80,89.5,48.5,102,88.4,61.1,75.5,65.2,128.5,67.7,32.1,40.6,54.8,91.7,103.4,45.2,45.8,36,44.5,66.7,20.3,75.4,119.9,68.7,55.6,83.5,94.2,203.2,116.1,47.6,15.9,51.3,54,54.2,47.9,124.2,114,89.2,78.9,132.3,31.6,42,70.6,23.9,4.3,48,47.2,66.8,59.5,69.1,59.9,48.1,40.5,62,19.2,56.6,11.5,13.2,0.8,157.8,155.2,81.1,83,79.3,150.6,56.9,50.4,50.2,54.3,24.9,91.2,27.8,110.6,118.2,78.2,92.8,74,48,32.4,14.9,31.1,91,61,52,25.8,71.6,140,91.1,54.2,83.3,68.2,98.3,24,13.2,93.3,44.6,158.9,93.7,152.8,57.9,89.9,91.6,21.4,27.5,76.4,53.9,66.3,75.4,119.3,64.8,82.9,40.7,52.6,164.5,22.5,70.3,28.1,27.7,24.2,164.8,217.2,51.9,78,67.3,78.3,67.5,18,30.5,94.5,53.9,74.2,105.4,107.9,141.2,78.9,90.8,31.1,71.8,68,78.4,42.9,39.5,57.1,93.7,81.8,44.5,122.1,80.6,52.1,35.3,8.4,44.6,24.9,38.4,40.5,154.2,95.1,145,133.6,71.2,29.7,67,62.1,29.3,104.2,70.4,105.4,29.5,57.4,98.8,146,83.8,0,51,70.3,63.9,57.2,41,104.8,9.2,82,133.8,187.9,18.1,48.3,79.7,50.9,19.8,66.8,45.7,57.3,78.2,219.2,103,64.7,164,47.2,103.3,40.3,61.9,77.1,76.9,78.7,76.4,98.5,36.9,36.9,69.9,71.6,85.1,63.7,11.9,42.2,34.3,67.5,40,104.1,73.8,120.2,118,91.2,14.4,20.9,24.3,64.4,33,42.6,57.6,108.6,79.2,97.5,97.1,55.4,66.5,77.3,9.4,42.6,79.9,26,55.6,142.4,99.6,17.7,47.3,55.5,66.8,69.5,43.8,49.6,60,149.3,74.6,77.6,109.6,109.9,93.4,23.5,24.6,57,108.4,190.6,74,47.8,66.8,45.6,112.9,142.6,106.5,87.2,114.8,73.8,41.3,28.2,54.6,80,115.8,91.8,99.6,157.4,145.6,109.1,64.7,26.6,50.2,13.4,36.9,7.8,77.2,86.8,117,93.5,75.1,67.4,44.8,58.2,69.4,26.8,28,53,30.4,107.2,100.6,32,4.6,85,21.6,14.8,72.6,125.8,58.6,105.2,54.2,65.4,219,64.8,125.2,18.2,87.6,111.4,15,120.2,39.4,43.4,91.2,124.2,103,91.6,143,48.6,59.2,63.1,42.6,59.4,14.6,126.8,101.8,84.8,74.2,136.4,54.4,107,28.8,87.6,58.4,53.8,75.2,59.4,95.4,195,151.8,143.8,56.4,91,77,76,44.4,28,98.6,97.6,54.2,147.4,87.8,41,113,111.2,48.8,56.8,120.6,50.2,46,56.6,43,141.4,180.2,84.8,57.6,27.6,46.4,36.8,51.6,46.8,71.8,25.4,62.8,78.8,111.4,91.2,99,48.4,30.4,50.4,36.2,25.8,46.9,160,81.8,168.8,56.2,89.6,53.4,44.8,25.6,83.2,30.2,29.6,77.8,40.2,58.2,194.4,128.2,57.2,30.2,50.8,79.6,39.2,118.6,19,32.8,68,53.6,81.8,132.2,153.8,94.8,91.9,69,9.8,81.8,92.1,155.2,59.4,57.4,28.8,48.6,103.6,140,44.4,75.8,79.4,63.9,60.5,84.4,102.8,72.6,153.6,80.3,67.6,113,23.6,34.6,60.2,70.8,59.8,154.8,59.4,22.8,82.4,203.8,124.8,55.4,38.1,64.8,30.4,58.6,23.2,122.2,34.2,62.3,93.8,108,22.8,91.6,52.2,24.2,19.2,44.4,51.2,50,64,62.2,85.2,66,126.4,64.6,38.2,23.8,93,57.4,148,76.2,100.2,86.8,135.6,160.4,168.6,74.1,60.4,40,33.4,60.8,45,36,73.4,61.8,137.4,89.8,161.4,195.4,171.6,48.8,55.8,63.4,54.8,20.2,106.8,12.6,110.6,122.8,83.2,97.6,59,54,26.2,82.4,39,97,77.8,51.8,75,148,210.4,146,85.6,64.4,52.2,56.4,75.8,50.4,41.4
Armagh,-6.64866,54.35234,62,61.8,132.9,59.7,89.1,112.6,7.7,62.5,74.6,56,86.4,65.3,89.1,68.2,59,118.5,96.8,69.5,116.5,60.7,101.5,69.4,103.1,35.9,67.5,68.6,144.1,84.9,111.4,51.3,72.1,62.6,42,108.9,28.8,93.7,83.5,115.6,124.1,54.1,67.8,87.3,34,57.2,56.8,52.8,66.3,23.9,53.8,87.2,94.4,94,69.1,110.5,59.2,33.3,64.6,102.2,60.4,33.8,54.3,21.5,37.2,128.3,75.2,76.1,103.7,57.2,67.1,37.9,56.7,94.8,102.2,76.4,80,98,33,47.8,54.3,28.8,82.9,49.9,99.6,54.4,108.3,31.9,37.7,81.4,17,109.6,54.6,82.4,58.2,85.1,63.5,56.4,37.6,9.8,42.5,82.6,69.8,93.8,63.1,27.6,52.8,59.8,26.1,72.3,78.7,52.1,57.3,75,67.8,117.1,60.2,31.8,38,86.7,49.8,97.8,57.6,99.3,43.7,71.6,90.1,110.3,19.9,41.5,38.9,15.4,15,34.3,47.6,143.5,60.4,41.1,18,79.1,40.3,55.6,17.4,102.1,53.2,53.2,13.8,85.2,135.6,30.7,82.2,89.4,116.3,64.6,50.5,20,54,21.8,97.9,47.2,66,91.5,69.4,77.4,47.2,85.4,26.3,28.6,42.4,55.8,50.9,72.2,44.3,77.2,166,61.8,19.2,72.3,73.7,99.4,52.7,34.7,107.9,40.8,112.4,98.7,91.7,75,72.9,101.5,14,34.2,96.8,50.4,59.6,70.3,112,61.7,99.9,50.9,47.3,108,47.7,97.8,85,63.8,35.9,136.8,110.6,70.1,69.2,79.9,65.7,101.6,9,30.7,80,15.1,64.1,69.3,101.4,131,114.3,76.5,34.4,79.6,60.1,67,40.2,15.1,32.5,67.6,92.4,28.4,111.3,127.9,94.7,65.5,13.9,20.3,47.4,49.9,87.2,78.8,79.7,90.8,81.6,46.8,23.5,57.6,50.5,63.2,55.1,99.4,136.8,88.3,42.7,40.4,60.1,105,4.4,71.3,99.6,98.4,44.5,51.6,109.3,4.2,90.6,83.2,100.5,31,35.4,77.8,41.9,27.3,91.4,36.4,105.1,76.5,128.5,46.9,34,129.9,76.8,108.2,30.6,51.2,37.4,91.5,86.5,77.4,89.2,34.5,67,46.6,48.1,81.3,89.8,20,34.3,36.1,88.2,48.5,93,25.1,54.5,88.1,153.7,39.8,48.5,42.6,69.5,31.8,90.6,23.1,147.7,51,97.3,64,33.3,85.8,90,6.6,57,20.1,26,39.4,82.1,84.2,91.2,59,40.2,95.7,70.7,36.8,52.2,59.4,146.4,64.2,47.6,101.3,63.2,90.3,17.5,39,82.3,129.8,64.9,78.8,57.8,97.7,40.1,45.1,141.9,90.7,107.8,86.8,66.7,39.7,37.6,59.2,62.4,63.2,38.4,56,109.5,103,89.3,60.4,32.9,25.9,28.9,41.5,10.4,60.3,134.6,152,39.9,77,65.9,48.5,93.2,78.9,23,54.1,83.5,27.5,76.1,76.1,48.2,18.9,94.6,29.2,34.6,84.6,91.6,95.3,43,35.6,67.4,82.2,85.5,111.6,15.6,51.3,76.8,37.6,84.8,85.6,55.1,53.4,118.4,70.2,89.9,107.3,50.9,38.9,63.6,48.2,40.2,39.6,65.1,158.9,30.5,79.7,153.6,29.3,79,28.2,105.6,45.2,51.5,13.4,110.6,89.6,109.1,102.1,115.8,35.6,43,55.4,63.3,51.7,51.5,41.1,88.1,52.2,80.2,41.6,43.1,78.9,110.5,56.5,113.2,107.8,76.7,102.8,41.4,39.9,158,133.9,50.8,70.4,53.4,32.1,31.5,108.6,89.3,78.7,17.4,52.2,31.6,64.6,53.8,79.1,27.1,58.5,53.3,51.9,67.5,49.7,100.7,77.5,143.3,36.6,54.2,86.7,39.4,47.2,53.1,76.7,37.8,66.9,56.8,68,91.5,47.1,67.9,29.8,29.8,90.5,45.2,95.7,14.6,57.9,62.1,112.4,113.7,82.4,93.8,78.2,44.7,66.8,16.1,49.8,135.3,131,109.8,25.8,25.8,58.5,80.6,133.5,33.4,90.2,19.8,20.4,43.8,94.9,151.2,98.2,79,36.6,56.2,64.4,19.2,32.8,90.9,77.7,56.6,97.6,124.7,23.6,84.6,171.8,47.6,44,42.2,83.7,33.6,41.8,63.1,122.2,41,131.9,38.4,115,37.7,31.8,100.8,50.7,19.5,68.8,74,32.9,46.1,90.8,182.5,91,83,67.8,31.3,16.6,51.2,50.5,146.6,113.7,85.4,86.3,86.9,46.7,70.1,85.9,68,90.2,50.1,75.7,52.1,54.6,57.3,49.7,129.3,38.2,102.3,107,107,66.8,45.8,63,44.6,56.2,118.6,3.3,102.8,149,98.5,85.3,53.7,49.8,61.6,99.6,29.3,78.8,117.5,30.3,42.3,120.8,186.1,131.9,62.6,43.8,54,41.4,75.1,80.6,52.5
Bradford,-1.77234,53.81341,134,33.8,47.4,40.7,109.2,110,16.2,75.2,56.2,46.9,58.7,71.9,67.3,162.9,52.3,119.3,182.3,47.2,165.8,34.5,121.1,106.2,94,54.6,161.2,47.8,88.7,86.1,104.8,53.4,101.2,52,34.4,123.5,68.9,55.5,107.5,98.2,161.4,75.5,44.2,60.9,48.5,140.3,55.2,88.7,77.4,90.8,49.6,209.6,80.8,83.8,62.6,69.9,76.8,113.8,93.8,100.8,82.9,40.9,56.5,54.2,12.8,158,69.9,115.7,99.9,55.9,100.2,12.6,32,71.9,55,45.5,73.4,150.1,43.5,56.5,62.2,46.9,58.4,77.1,72.6,40,95.2,17.2,81,55.6,31.6,110.6,75.3,80.9,59.3,108.3,66.9,59.8,31.5,35.8,14.5,106,100.3,35.6,60.5,19,77.6,69,23.7,140.2,64.7,90.9,51.5,39.3,63.1,111.5,104.2,63.3,12.7,34.6,56.1,75.2,76.2,116.6,66.4,104.7,92.3,98.3,23.8,42.3,56,30,18.4,99.3,66.6,91.8,42.2,37.7,39.3,102.1,40.5,56.5,17.8,98.6,15.5,26.4,17.3,177.7,170.9,43.4,74.8,87.9,167.6,56.1,59.2,49.5,84.9,21.8,65.4,40.9,53.1,126,74.4,103.6,67.4,90.3,50.3,41.8,48.8,45,67.9,89.9,13.2,56.3,195.3,73.7,73.8,134.7,89.4,103.3,44.7,20.7,98.7,28.3,54.8,99.2,157.5,89.1,101.3,118.3,8.2,19.2,145.4,26.3,125.8,55.1,152.3,90.7,64.8,63.8,79.3,132.6,66.2,75.3,40.3,23.1,51.9,120.9,122,80.8,63.6,45.7,23.5,112.8,20.7,35.4,195.6,8.4,66.7,51.4,57.7,156.5,96.4,121.5,34.3,70.5,130.9,118.9,33,96.4,47.2,72.4,81.3,36.3,166.8,179.6,65.5,52.5,12,32.5,38.6,15.2,49.6,131.6,105.6,156.4,45.7,84.1,7.1,54.6,85,70.1,47.8,51.7,98.9,41.6,30.7,60,90.1,145.7,22.2,77.6,129.5,86.4,40.4,38.7,128.9,7.1,84.4,87.8,140.7,37.1,46.2,94,67.4,29.4,104.4,68.9,55.9,57.6,113.7,69.6,48.2,134.5,89.4,85.7,35,54.7,58.6,124.6,88,41.8,115.5,43.6,53.5,27.1,92.1,78.6,90.9,23.9,75,39.9,27,12.4,85.8,53.2,101.4,153.9,131.1,32.3,28,37.4,69.9,45.6,46.2,34.7,109,57.4,121,106,80.1,71.5,56,8.5,136.1,30.7,16.9,35.9,65.5,105.6,97.4,62,45.9,94.9,55.3,32.2,30.9,50.3,110.2,69,79.6,124.9,75.7,119.4,13.7,12.9,105.5,94.2,36.8,59.2,69,161.9,51.2,44.4,183.7,130.6,83,84.2,69,41,21.4,42.5,54.8,92.2,80,120.1,147.8,141,122.8,74.7,28.4,55.9,11,16.6,6.7,67.7,22.9,41.8,57.4,42.4,67.3,39.4,55.2,49.5,64.9,39.9,102.4,33.4,67.4,136.3,97.1,6.3,119.9,35.9,25.6,61.6,143,60.3,63.3,21.6,44.5,92.2,105.1,142.6,25.9,111.7,124.2,46,133.9,53.5,44.5,75.7,148.7,74.3,61.9,109.1,49.8,76.4,77.9,79.9,75.8,23.3,58.7,113.1,93.3,33.5,180.4,71.6,72,53.2,120.7,50.3,76,44.9,63.9,139.9,158.5,168.2,123.3,53.3,93.4,47.9,88.8,50.5,40.3,32,78.5,80.3,127.4,36.1,54.8,70.9,191.8,46,45.4,68.6,49.2,114.6,120.4,20.2,112.8,108.1,136.2,49.1,38.7,44.5,53.3,80.7,81.8,60.2,9.6,34.6,35.2,71.2,76.2,116.7,53.3,44.3,84,38.7,56.5,40.8,189.9,35.4,122.2,35.3,49.9,84.8,51.6,22.9,96.7,37.8,35.8,65.2,47.5,66.4,103.8,59.8,53.8,16.3,40.4,113.2,52.5,62.8,11.6,29.5,92.7,82.7,89.6,78.6,133.5,142.4,103.4,49.4,4.2,68.8,261.4,93.3,34.3,49.4,27.9,65.4,102.3,214.4,55.3,91.4,66.8,25.2,72.6,139.5,130.8,104.1,76.3,50,80.4,56.9,25,29.6,36.9,76.2,51,150.7,55.3,27.4,64.9,215.2,60.9,51.9,55.8,81.9,18.4,18.1,37.6,76,47.7,76.9,74.5,138.3,24.6,46.8,114.2,10,2,36.8,50.4,39.4,52.4,41.2,74,54.4,141.4,106,29.6,12.4,153.5,49.8,164,115.6,127.8,136.8,78.2,104.8,154.6,87.8,42.4,62.4,27.2,55.8,22,71.2,67,40.2,125.4,56.8,89.8,145.2,132.2,79.2,47.2,101.4,38.4,37.6,125.6,17.8,97.6,96.4,114.8,110.6,34,79.6,30.8,109.2,31.4,85,97,57.2,91.4,184,198.2,137.8,72.8,90.2,67.6,44.8,105.6,34.2,60.2
Braemar,-3.39635,57.00612,327,91.2,38.5,55.4,89.1,71.6,27.2,33.5,80.3,52.9,59.9,73,31.4,124.8,60.8,89,55.6,48.6,80.4,50.8,49.4,94,108.5,26,74,50.4,121.7,122.9,118.3,104.2,85,108.5,43.2,109.7,40.3,31.1,69.7,98.4,137.1,78.9,49,70.9,55.6,48.3,63.4,80.2,28.6,106.6,39.1,66.4,119.9,44.1,80.9,122.9,64.6,46.7,59.8,131.4,61.8,22.2,58,42.3,41.7,75.5,49.4,67.4,91.1,46.2,60.3,58.9,91.4,92.2,118.8,85.8,67.9,94.9,48.1,102.5,20.3,49.8,53.7,54,55.7,54.8,45.8,36.3,52,88.3,55.8,184.5,76.4,62.4,54.4,96.5,63.6,30.4,46.8,12.8,28.5,63.1,90.6,56.9,36.1,21.7,68.9,64.7,31.9,58.2,41.8,79.7,46.4,72.8,99.2,284.9,49.9,76.7,19.1,50.6,51,45.4,49.3,50.2,99.4,126.4,119.8,172.8,35.6,32,71.5,38.5,43.3,73.1,68.2,88.3,31.2,71.8,31.2,106,30.8,57.8,18.6,105,11.3,37.9,20.4,179.5,181.5,61.4,57.3,84.7,65.2,117.8,65,60.8,49.9,21.2,72.7,62.8,125.7,144.8,72.5,96.3,69.2,97.9,43.3,41.5,55.6,52,93.3,57.3,27.8,98.7,191,71,18.2,108.9,78,82.9,52.2,82.6,71.8,38.6,92.8,68.1,150.9,119.7,70.7,73.5,7.2,27.8,96,71.3,76.1,66.7,104.6,92.2,74.2,80.1,47.2,78.5,11.6,53.2,36.4,47.8,12.4,164.1,129.3,101.6,74.8,97.3,76.2,115.9,29.4,49,57.7,31.5,153,152.3,257.6,161.8,129.4,147.8,87.3,59.3,61.2,111.2,67,34.4,22.5,92,87.2,18,159.4,169.1,83.3,142.5,10.9,20.5,46.6,29.7,15.7,104.5,109.2,243.8,76.8,117.5,18.5,59.7,68.3,69.8,85.5,76,153.7,103.9,57.9,71.4,106.1,154.1,53.6,65,44.2,109.5,60.5,45.5,113.7,13.9,60.1,98.8,149.7,35.7,29,66.5,57.3,70.4,84.3,75.6,50.5,56.3,103.9,63.6,46.5,123.8,83,96.3,56.2,36.4,20.1,145.6,95.9,70.5,130.2,53.1,40.4,68.1,125.1,127,39.9,37.1,45.2,11.9,70,69,72.8,35.9,76.4,143,208.5,78.6,28.5,47.6,90.6,31.7,43.2,43.4,123.6,52.5,107.6,69.8,66,62.1,70.8,38,129.4,56.8,30.7,58.3,144.2,113.8,51.1,62.4,56.6,116.1,53.4,42.8,41.6,42.6,125.7,92.9,72.8,85.8,76.3,162,31.8,59.8,75.3,106.1,30.5,49,44.8,107.1,173.3,45,84.4,124.1,113.4,148.7,72.8,12.2,46.3,31.9,41.8,72.1,83.2,69.5,88,155.1,84.4,65.1,42.6,74.6,21.4,42.2,20.3,180.8,146,78.2,59.4,96.3,97.1,41,62.4,43.4,15.9,47.5,51.4,32.5,112.8,121.4,52.7,22.3,124.4,70.9,14.4,94.6,90,49.7,45.1,42.2,35.1,121.8,102,81.6,40.6,53.5,184.1,39,87.7,95,34.6,73.8,129.9,98.2,96.5,105.9,54.5,46.5,63.1,63.8,54.5,51.2,32.5,164.5,73.3,61.8,197.2,99.6,88.2,53.7,122.2,31.8,42.3,91.5,73.8,115.2,160.2,163.5,123,67.1,82.3,62.9,33.2,16.9,43.4,77.6,92,49.4,170.2,67.2,69.6,115,133.1,57.4,41.1,87.4,60.8,121.1,85.8,33.1,155.4,162.7,63.5,83.3,39.1,50.7,43.6,72.4,21.1,43.2,9.3,24.8,33.5,85.2,107.4,91.6,49.3,56.3,91.5,69.8,54.4,44.6,177.2,46.8,158.5,35.4,62.4,127.4,67.1,69.6,72.5,92.3,50.3,41.1,58,37.6,135,153.6,42.8,84,62.5,94.2,17,65.4,39,16,65.8,95,124.4,111.2,128.8,100.4,81.8,70.8,19.4,80.4,102.8,129.4,80.8,44.6,31.6,118,67.6,183.6,82.4,94.6,64.4,21.8,52.6,71.8,73,59,104.2,69.8,65.4,88.2,39.4,85.8,38.8,71.8,80.4,88.4,82.2,43.2,110.6,169.8,30,60.2,15.6,38.2,50.8,26.6,43.4,93,81,118.6,86.2,172,38.4,55.8,96.6,70.2,20.6,128.6,74.8,116.8,137.6,85.6,83,94,109.8,90.8,20,14.8,136.2,44.4,77.8,78.4,66.1,40.8,79,48,115.8,81.2,43,53,64,93.6,25.2,78,23.8,25,93.8,85.8,188.4,189,137,53.2,45.8,58,62.8,83.6,180.6,18.8,174.8,147.2,99.4,115.6,45.8,68.4,46.4,65.2,42.4,105.4,86,32,53.4,99.2,316.8,238.8,63.2,56,58.8,32.2,110.1,67.2,50.6
Cambridge,0.10196,52.24501,26,12.1,27.1,34.8,37.3,47.4,15.1,51.8,42.4,47.8,43.2,63.6,65.4,85.6,14.8,36.9,81.7,29.6,56.7,8.5,65.4,35.8,56.9,70.4,75,35,64.7,39.9,69.6,21.8,34.7,18.9,53.1,118,29.7,61.4,22.1,39.1,107.1,44.9,40.8,37.2,17.2,10.1,36.8,32.7,75.9,83.5,93.8,85.7,42.1,30.9,39.8,58.9,41.9,53.9,32,90.7,30.3,44.1,59.6,2.4,4.6,64.3,49.8,52.4,55.9,32.3,66.4,19.6,96.5,33.1,33.2,44.2,20.3,117.8,34.6,71.6,11.8,41.2,30.3,51.9,96.4,16.3,57.4,21.4,65,61.9,17,46,32.7,42.1,43.9,26,22.7,26.8,37.6,29.9,7.8,48.9,39,14.8,19.8,10.4,42.5,66.5,60.6,36.4,18.4,57.5,25.9,30.1,29.5,46.2,47.7,16.2,10.3,22.3,52.8,29.1,89.9,71.2,88.2,126.1,28.3,51.9,25.2,92.4,79.7,48.5,18,27.4,26.2,69.8,6.4,37.6,28.1,29.2,14.4,15.7,21.4,31.1,8.3,36.2,33.2,72.7,85.2,76.3,74.6,45.7,64.7,33.7,29.2,39.9,53.9,4.7,128,13.7,21.2,48.3,51.6,61.5,39,58.9,44.7,77.9,45.9,36.9,32.8,40.2,5.2,13.7,99.3,42.8,46.3,84.2,33.2,94.6,13.3,11.9,74.7,18.8,61.4,43.1,104,33.7,42.9,57.5,17.9,7.6,77.2,55.9,56.4,13.4,58.3,41.2,29.6,35.8,15.8,97.2,56,58.2,14.2,73.5,27.3,62.1,72,27.2,31.2,35.2,20.3,42.8,10,51.1,107.4,53.1,72.3,53.8,125.8,65.8,48.9,36.6,42.7,35.4,86.2,101.8,33.3,48.6,10.5,70.3,33.5,45.4,35.8,61.9,42,31,13.6,76.1,48.9,15,60.9,113.3,48.9,87.6,35.1,37.3,14.6,45.8,31.2,49,107,38.5,50.9,18.6,12.4,35.3,73.1,50.2,10.4,43.2,63.6,74.7,13.2,43.3,70.9,29.3,69.7,54.5,54.2,9.5,27.8,44.9,42.9,46.9,93.5,70.2,71.9,30.5,116.4,39.9,23.5,100.3,20.9,59.3,37.2,38.7,48.1,94.6,46.8,45.8,42.7,31,23.6,25.8,47.5,40,75.8,6.1,40.5,43,28.8,17.7,32.2,35.3,125.4,43.8,71.1,23.2,28.2,6.2,30.1,16.9,21.1,37.3,43.7,40.5,45.8,29.9,23,37.9,42.9,13.9,97.6,32.1,41.2,46.5,18.5,54.9,11.9,67.8,14,58,40.7,34.3,35.8,54.4,72.4,82,91.6,78.2,31.6,51.3,11.6,19.9,78.4,47.9,86,54.4,37.5,67.4,88.9,53.5,78.3,70.5,34.4,36.1,67.3,44.1,20,23,36.4,72.1,74.9,27.3,41.7,86.5,63.1,50.8,10.2,24.4,17.3,27.1,5.3,105.4,12.7,29.4,63.9,33.2,45.8,19.5,4.5,19.8,12.4,40.5,63.9,5.6,31.2,70.9,30.2,11.6,38.7,7,12.5,36.8,151,25.9,60.5,15,45.1,40.4,62.4,48.1,4.8,45.2,120.4,6.4,101.9,25.7,16,104,77.3,55.1,59.8,50.2,36.1,40.9,33,49.8,89,24.5,92.5,76.4,43.7,25.3,63.1,20.5,50.7,14.6,85.9,83.8,17.5,60.7,21.1,68.1,108,108.8,59.6,47.2,72.4,77.4,62.6,17.5,22.8,55.1,65.8,68.9,128.9,36.4,19.3,33,50.4,30.6,33.4,53.5,28.5,94.6,42,23.5,67.7,85.9,85.1,78.6,12.9,13.7,24.2,39.9,60.7,66.8,2,15.7,30,80.8,46,69.6,34.3,24.7,41.4,44.5,34,59.3,70.7,18.7,67.2,45.4,32.2,28.3,22.3,19.8,27.7,47.4,47.1,43.7,53.3,166.2,61.2,47.2,18,19.8,25.2,35.9,30.1,62.8,18.9,45.1,74.9,50,43.2,64.8,50.5,68.5,50.9,25.7,1,124.3,59,62.1,51.1,25.2,56.4,36.3,38.2,58,12.8,68.9,50.8,62.9,34.6,52.1,64.7,59.5,56.2,68.8,21.3,40.9,47.9,32.2,12.6,28.4,40.8,71,58.6,10,32.2,89.8,63.2,46.6,70.6,26.2,12.5,28.6,25.4,10.8,133.2,46.4,39,22.4,19.8,52.4,28.2,1.8,2,12.8,53,38.4,40.2,31.6,15.8,28,43,39,17.4,23.4,95.6,42.6,91.4,101.4,39.2,30,78.6,71,97.7,39.8,19.6,38.6,26.4,52,14.2,32.8,48.2,34.8,78.2,40.2,36,103.6,61.2,17.4,13.8,84.6,44.4,49.2,126.8,23,67.2,58.4,40.2,46.7,30.8,19.4,20.2,42.2,19,78.8,47.4,32.8,49.8,49,49.8,49.8,24.6,50.4,58.8,39.4,66.4,18.2,44
Chivenor,-4.14743,51.08865,6,36.7,91.4,62.7,68.2,106.9,2.4,64.8,55.3,51.5,61,123.5,66.7,90.8,24.7,109.2,138,63.6,80.7,30.4,127.1,59.8,79.3,40.4,106.7,35.5,120.1,66.2,89.4,56.4,85.1,46.2,29,89.9,12.3,49.3,59.8,109.9,171,77,84,87.1,38.7,42.6,64.6,50.6,122.4,119.9,37.8,89.6,88.8,58.9,119.4,136.3,54.4,59.3,45.5,125.4,34.6,80.3,62.7,60.4,15,146.1,94.6,94.4,102.2,58.2,58.2,29.3,35.3,72.5,75.2,72,68.9,194,56.8,163.2,32.3,71.9,45.5,43.3,97.1,29,87.9,25.5,74.6,107.1,45.3,90.6,102.4,43.9,57.9,64.9,86,52.2,21.4,45.2,45.6,116.9,135,58.5,55.8,18.8,47.5,64.3,25.9,73,75.1,74.6,43.3,83.9,72.1,124.8,121.6,47.2,20.5,39,61.2,48.5,115.6,181,80.5,252.7,33.1,95.8,19.8,117.9,101.1,20.6,3.5,206.2,58,102.2,133.5,85.5,66.8,52.7,35.9,128.3,56.9,97.5,29.3,62.4,19.9,139.7,178.8,44.1,108.2,97.2,63.8,94.1,20.4,27.5,93.3,45.1,60.1,68.1,112.8,140.6,147.6,117.1,23.5,53.1,74.3,111.5,34,18.4,68.3,93.3,84.5,46.7,108.2,132.2,59.2,28.4,4.9,47.8,26.5,15.6,54.7,141,90.7,164,113.3,67.7,35.8,64.1,80.2,52.6,95.7,50.6,134,60.8,54.6,52.5,114.7,83.8,1.1,56.2,76.3,53.4,84.6,38.6,146.5,22.8,98.5,120.3,141.7,19.1,61.7,86.1,50.9,45.9,71.1,38.6,38.7,65.7,164.1,108.1,57.9,159,71.5,100.7,37.3,51.8,74.6,117.7,98.3,54.8,94.1,47.3,56.4,40.3,97.8,80.1,67.2,10.8,36.2,36.6,50.9,119.7,113.4,69.8,140,132.9,141.9,19.9,45.7,32.1,59.7,35.2,59.8,77.8,135.2,74.2,110.4,119.8,54.5,65.4,99.7,8.7,107.8,65.9,21.8,83.6,96,91.8,39.3,51.4,45.9,50.3,65.4,30,21.1,95,127.7,55,103.3,148.8,68.7,119.6,14.8,21.2,39.1,69.4,179.7,125.6,37.5,78.9,120.4,74.2,163.2,125.4,101.9,96.4,71.2,46.4,29.6,40.6,92.4,113,111.5,90.4,157.6,157.2,98.8,64.6,47.36504476,49.2,11.4,75,16.8,97,71.6,86,84.2,56.4,67,46.6,79,85.2,33.4,28.6,65.2,31,100.6,125.2,35.2,11.4,89.2,24.6,20.2,63.6,101.6,39,131.6,30.2,98.6,145.6,72,106.8,26.8,92.2,108.2,34,107,77,30,80.6,160.8,97.8,90.2,125.6,70.2,39.4,83.2,40.4,81,19.2,92.2,106.6,91.4,59.8,214.6,38.8,110,36.6,109,103.4,32.6,119,82.4,137.8,228.2,220.2,155.6,78.6,69.6,91,82.6,22.4,45.6,62,58,29.6,112.6,90.2,37.2,95.8,124.8,44.4,49.2,114.4,41.2,50.6,32.4,24.8,119.6,139.6,114.4,57.6,46.2,44.8,38.4,60.6,44,83.6,28.8,20.8,78.8,92.4,119.4,117.6,46.9,49.8,48.4,32,49.4,41,124.8,60.5,141.6,43,116.3,57.4,47.4,56,71,38.4,105.3,63,42.6,68.8,122.4,103,81.2,43,38.7,74,22.4,91.2,44,28.2,24,35.6,117,127.8,96.6,73.9,117.8,50,9,118.8,123.2,131.6,67,34,40.6,54.8,105.6,105.4,36.4,84.8,52.5,75.4,30.4,116.4,118,100.2,94,100.4,60.6,91.2,62.6,59.4,39.8,49,58.6,233,54.2,36.2,93.8,190.2,92.6,64.6,58.2,52.6,27.2,49.4,20.4,100.2,105.2,69.4,89.8,115.6,31.2,100,54.4,24.2,10,44.6,87.4,78.4,90,68.6,99.4,46.6,156.6,78.2,43.4,17.8,124.2,55.6,160,114.6,102.6,81.4,169.4,125.8,197,94.8,58.6,58.4,32.8,82.2,21.2,22.2,83.2,82.2,135.5,96.2,142.4,153.1,144.9,52.8,71.3,70.2,77.2,42.4,118,9.6,90.2,81,85.3,135,79,53.4,23,76,44.4,81.8,132.4,85.8,64.4,109.4,122.2,139,83.2,78.8,38.6,43,103.2,27.6,62,79,32,143.4,45.8,91.4,54,92.4,25.2,35.2,60.2,130.4,86.2,114.2,50.2,81.4,116,94.4,39,113.4,67.8,36.6,3.8,33.4,88,83.6,63.4,96.2,109.8,50.6,60.6,78.6,75,22.2,102.4,39.8,88.8,151.8,167,142.2,129.2,89.6,145.8,70.8,32.6,7.8,117.4,52.4,115.4,56,142.4,70.4,181.4,133.2,63,33.4,5.6,135.8,35,101.2,38.2
Durham,-1.58455,54.76786,102,39.5,36.9,28.7,54.9,90.7,26.8,51.2,60.3,60.7,35.4,93.9,55,95.6,20.4,186.1,38.5,50.6,98.6,9.6,79.9,57,62.5,67.5,112.6,27.1,100.9,49.1,49.6,32.3,53,23.5,37.9,97.9,34.6,69.3,115.3,52.8,87,81.3,34.3,25.2,54.2,30.1,47.7,49.3,50.6,102.4,42.2,113.6,65,65.6,97.3,47.9,88.5,85.9,45.5,102,78,44.3,35.8,58.4,9.6,116.9,45.7,90.1,47.7,32.4,49.4,22.7,18.6,46.7,63.5,34.3,22.8,62.6,72.1,45.8,16.7,62,48.8,47.7,59,32.3,127.7,12.8,20.9,47.7,19.7,116,56,51.9,30.6,57.3,59.6,50.9,14.6,23.8,11.9,52.7,26,27.3,12.1,9.1,70.5,56.8,35.2,78.3,66.2,48.8,41,21.6,36.5,74.7,45.3,52.3,16.5,19.7,34.4,65.4,48.4,65.4,76.1,55.1,35.7,43.9,21.6,45,59.5,49.6,24.8,61.5,84.5,78.6,20.5,34.2,22.5,46.2,17.5,26,31.4,78.9,24.9,30,18.4,193.2,142.6,22.8,50.9,101,63.6,54.8,33,35.3,63.4,9.4,37.8,16.3,41.5,74.2,63.9,80.8,71.3,29.5,34.4,53.1,32.8,61.4,92.7,51.4,20.3,24.7,195.5,49.6,30.6,166,44.7,96.5,49.3,25.3,67.3,39.2,54.5,69.1,91,66.2,55.4,95.6,16.5,37.4,191.4,55.7,92.7,27,67.2,61.8,41.8,28.3,31.7,113.5,49.7,47.7,25.6,36.4,33.5,117.2,95,56.6,58.1,64.6,11.4,29.6,11.8,26.5,113.7,25.5,59.5,34.3,89.8,68.8,49.6,30.3,52.3,58.6,102.6,102.4,38.4,20.2,41.9,61.4,36.2,33,98.1,83.7,27.7,52.2,12.9,30.7,36.8,21.4,55.7,96.3,39.8,134.3,23.9,82,5.7,62.1,74.8,63.9,34.6,59.6,81.5,51.9,21.2,68.1,40.5,63.1,37.6,38.8,109.5,65.5,32.1,24.2,169.1,28,31,36.2,74.2,39.1,34.7,81.2,59.4,42.7,92.4,84.9,53.7,46.2,99.6,61.3,34.7,79.8,34.4,54.5,26,58,16.2,115.1,46,44.3,75.8,64.7,27.9,7.2,47.6,20.7,50.3,7.7,52.1,10.1,61.5,11.7,48.5,34.8,63.7,72.6,60.4,14.1,10.1,42.1,46.3,30.9,52.8,43.2,78.7,53.1,93.3,47.1,80,60.8,27.7,19.3,53.9,43.9,21.2,24.3,50,60,44.6,22.7,34,62.7,95,19,20.2,54.1,68.8,97.7,61,60.9,44.7,40.1,15.6,10.1,94.9,92.7,31.4,42,89.4,117.6,73.6,64.6,77.7,70.8,53.4,31.7,37.8,45.9,22.2,44.2,49.1,69.2,58.7,61.9,66.7,75.2,62.1,39.5,27.5,31.2,16.2,24.5,14.2,86.2,25.2,116.1,87.6,29.9,66.7,25.9,33.8,36,8.6,46.8,71.8,24.6,36.3,77.3,62.5,13.8,71.6,12.4,5.8,54.5,174.4,67,48.1,11.3,31.7,68.2,82.8,92,6.1,59.3,151,71.8,97.8,52.6,44.9,53.4,96.9,64.9,27.3,57.5,15.6,92.7,42.5,50.2,67.2,12.1,81.3,52,42.6,46.8,64.1,35.1,29.5,21,149.8,46,89.4,49.4,43.8,84.2,119.2,148.4,72.4,46.2,103.6,43.4,59.8,15,38.2,13.2,76.3,74.7,77.1,35.8,54.4,37,83.6,37.4,19.4,53,47,79.6,91.2,25.2,86,83.8,92.2,62,18,17.6,24,44.4,61,50.4,15.9,41.1,41.5,45.7,65,97,29,24.5,54.4,21.8,67.6,62.8,155.8,19.8,120.2,18.2,19.8,35.6,41.5,44.8,82,20.4,36.2,72.6,38,63.8,74.6,71.6,37.8,20.6,44.2,79.2,24,84.4,13,10,57.4,35,53.2,125.5,77.4,56.2,70,20.8,11.4,50,118.8,100.2,30.6,39.4,13,61.2,52.6,113.2,13.4,38.4,84,21.2,77,134,95.4,97.7,45.2,40.8,57,39.4,35.6,21.2,36.8,38.2,77.8,168.8,37.2,14.4,46.2,146.6,80.8,59.8,67.6,68.2,12.4,24,56,62,44.8,75.8,62.2,157.3,40.7,36,58.2,24.8,7.2,40,48.4,65.6,125,28.4,53.8,27.2,51.6,30.4,10.2,15,134.4,66.2,136.6,98,103.4,116.2,83.6,124.8,99.2,80.9,27.2,59.4,22.8,100.8,23,52.8,71.2,84.6,100.2,54,65.4,91.2,61.2,33,56,78,47.2,54.4,79.4,15.8,51,63.6,27,49.4,15.4,39.8,21,70.6,28.4,86.2,81,38,69.8,104.4,120.2,116.6,30.2,52.4,83.2,39,49.8,34.6,69.8
Eastbourne,0.28543,50.76167,7,34.4,100.6,104,76,91,9.7,74.7,37,46.2,66.9,101.5,75.7,137.5,14.4,72.5,140.1,59.6,105.7,20.5,98.8,37.6,52.7,73.4,70.3,31.6,198.9,73.3,103.1,59.5,65.2,40,62.4,67.7,58.1,11.6,99.2,102.6,145.9,84.5,90.5,82.6,67.3,21.4,71.4,53.6,43.4,51,58.8,117.3,92.2,23,49.3,75,51.6,61.9,39.3,65.8,34.7,75,85.5,7.1,2.3,176.6,91.1,119.9,73.8,45.7,76,34,18.1,59.5,68.7,113.8,28.1,209.9,58.1,89.9,25.5,57,34.2,59.5,181.6,38.5,69.8,15.3,47.3,48.9,22.7,66.7,52.1,45.4,65.5,35.5,63.8,25.5,21.6,31.7,23.2,83.4,78.6,48.2,42.3,19.5,47.9,84.5,35.7,36,17.6,89.6,43.7,44.5,48.2,95.6,103,28.7,15.1,19.9,47.7,56.2,85.5,193.3,140.5,169,68.5,130.7,33.4,106.2,46.8,55.6,19.2,37.2,52,159.9,35.4,112.1,29.4,24.8,43.5,19.7,15.3,9,5.2,15.3,4.8,142.6,161.4,189.4,80.1,86.9,81.6,60.1,29.7,48.5,35.3,22.3,73.5,23.2,41.6,114.5,75.2,109.4,51.2,52,51.6,32.2,40.1,103.8,14.6,12.9,4,10.3,185.7,77.4,90.6,96,54.2,79.5,35.6,29.5,75.8,21.8,69.6,75.5,118.3,67,85.7,102.9,10.3,44.5,107.4,155.7,100.4,48.6,122.2,56.4,51.3,35.8,23.8,132.7,44.4,109.5,49,25.4,21.8,127.2,167.9,45.1,83.1,43.9,38.1,58.7,18.1,41.1,52,16.3,39.7,122.6,175.8,129.7,117.9,77.7,48,54.8,104.9,94.2,19.9,17.6,11.4,83.6,69.6,50.1,93.3,151.8,42.4,81,2.5,65.2,34.5,40.6,25.5,84.8,103.3,138.6,137.7,64.2,36.2,58.6,37.7,49.8,48.1,38.8,85.2,22.9,30.8,82.5,94.8,146.8,15.9,89.1,53.2,36.6,28,15.6,43.9,45.4,100.7,129.8,107.6,21.1,52.7,96.5,50.5,49,64.9,82.1,71.4,44,246.9,96.6,33.3,194.9,57.7,98,34.2,35.8,16.2,63.6,46.5,59.3,96.2,30,29.9,34.1,55.4,67.7,64.5,3.2,61.4,21.3,18.3,41.4,92.8,69.5,135.6,111.5,111.6,7.2,60.9,7.2,43.2,5,35.5,37.2,127.2,83.5,69.9,99,40.8,55.1,43.1,16,139.3,131.6,7.6,39.7,43.1,138.9,28.1,24.7,30.4,59.7,91.5,19.8,8,88.7,109.3,72.5,116.4,138.2,52.6,93.4,6.2,23.9,105.1,34.9,75.8,68.9,37.7,107.5,89.8,59.9,180.7,110.2,46.1,65.5,86.3,90.9,46.5,63.7,47.4,106.2,120.2,60.3,132,148.1,107.4,63.4,14.8,14.9,25.6,32,0.7,103.6,30.3,28.8,81.8,57.5,37.9,43.2,18.9,70.3,22.5,29.2,89.9,32,53.1,148.8,38.9,16.1,70.3,16.3,12.4,42.8,150.2,19.9,122.4,2,106.1,166.6,95.8,106.1,11.4,59,86,8.9,88.6,56.5,30,102.8,167.3,47.6,95.7,82.6,43.8,39,49.8,25.2,66.8,12.4,84.2,134.7,77.7,31,172.6,27,67.1,24.3,92.6,95.2,13.6,50,21.7,120.8,261.1,198.2,90.7,127.8,97.3,144.5,79,39.5,9.9,72.6,63.8,70.8,129.8,58.7,31.8,88.3,109.4,40.6,23.2,77.3,66,106.3,33.7,70.6,65,165.9,171.7,67.4,29.4,30.4,27.2,50.2,41.6,59.6,28.5,15.8,60.7,141.1,86.4,105.8,22.7,28.6,70.4,40.4,26.1,37.2,89,33.2,123.1,31.2,74.9,30.9,25.7,63.1,49.1,29.4,27.3,63.2,42.8,46.1,98,42.2,95.8,27,82.4,46,29,64.3,17.4,24.4,118.2,60,109.2,51,109.3,74.2,111.1,47.2,1.6,98.5,68.9,98.4,27.6,17.7,45.9,68.4,70.4,91.9,11.6,75.5,47.1,90.4,21.7,40.3,81.4,65.6,69.7,130.1,30.1,95.3,63.9,36.7,36.5,43.5,37.8,62.1,22,19.6,91.2,235.2,118.6,73.3,119,58,27.1,24.5,46.4,23.8,89,34.1,79.3,80.6,61.5,86.3,58.2,22,10.5,10.5,38.2,45.5,79.2,31.9,16.2,37.2,193.6,45.6,21.8,32.9,85,37.5,88.8,81.4,44.7,93.7,150.2,92,178.7,76.4,31.6,55.8,57.4,54.4,13.8,35.3,32.9,48,170.8,116.3,145,162.8,123.7,47.8,44.4,59.6,10.3,63.3,100.3,9.8,155.1,157.3,58.1,128.7,65.3,25.4,8,71,20.5,62.3,147.6,102.6,38.1,101.8,85.6,167.8,53.7,45.1,26.1,44.2,75.2,5,21.8
Eskdalemuir,-3.206,55.311,242,144.3,130.9,119.9,218.5,193.2,28,98.2,110.3,81.9,158.1,128.5,147.1,150.6,146.1,108.7,173.8,108.5,201.1,122,83.6,120.9,112.2,55.4,121.8,181.8,116.6,108.5,213.8,104.3,152,118.3,66.4,215.3,75.4,174.6,100.2,155.8,330.6,97.7,86.5,125.1,67.1,170,72.1,93.9,63.2,52.4,83.2,211.4,226.9,105.5,105.6,128.3,68.8,67.5,74,100.9,84.6,61.8,61.1,107.9,85.1,151.2,146.3,145.9,121.5,60.2,120.4,39.4,89.6,129.6,85.6,194.6,155.8,201.4,96.2,117.9,142.7,112.1,43.3,90.8,76.6,106.3,103.5,44.7,138.4,125.2,94.5,144.5,100.2,93.4,175.9,150.8,165.5,75.9,77.6,17.8,58.4,183.7,174.1,111.7,74.4,62.5,89.8,111.7,65.8,76.6,111,42,62.7,76.7,143.2,292,105.3,78.7,24.9,44.3,95.5,87.4,109.6,178.4,47.1,199.5,287.5,339.5,67.4,65.7,111.8,47.7,56.5,116.1,57.6,227.9,88.5,113.9,44.7,153.9,97.9,137.7,57,165.5,68,84.7,25,150.7,134.9,115.6,107.1,118.5,139.2,158.7,121.2,58.6,95.2,48.5,114.8,212.2,274.8,191.9,158.9,139.7,102.9,225.4,32.7,16.3,51.4,94.2,96.5,161.7,70.9,253.3,192.5,72.8,47.4,223.9,101.4,88.3,71.5,63.4,162.5,145.5,189.7,229.2,252.2,91,138.2,124.7,16.8,31.6,148,97.2,208.3,178.6,191.7,182.8,218,109.7,91.5,221.8,67.9,93.6,140.7,116.7,36.1,272.7,214.5,210.6,62,181.3,186.5,190.6,36.5,103.5,83.4,102.5,138.6,155.6,232.1,248.6,247.6,288.4,62.3,204.8,71.4,138.1,95.7,37.4,34.5,116.5,278.2,33.1,200.1,303.5,108.5,87.4,37.5,4.1,55.3,28.8,42.4,109.5,232.3,242.1,159.2,78.2,37.1,123,129.2,86,83.4,203.6,345.4,273.4,119,124.3,270.6,213.3,19.3,187.9,93.7,257.5,100.5,103.2,166.6,29.1,193.1,266.8,331,84.7,84.6,173,83.7,68.2,119.7,114.4,162.2,142.4,184.5,123,184.3,223.9,146.8,133.5,97.4,68.7,22.2,268.9,185.3,174.6,174.3,120.2,130.5,181.8,217.4,281.7,68.7,47.1,87.5,44.8,217.7,104.1,144.8,60.7,114.5,368.7,344.7,131.2,77,70.4,150.8,90.1,98.8,83.6,246.8,67.9,245.2,191.2,148.7,169.8,150.5,18.1,109,86.3,65.4,103,190.5,230.6,184,148.1,175.8,253.7,154.9,83.4,13.2,111.2,290.1,192.4,108.1,264.2,162.7,300.9,29.8,108.8,170.8,176.9,71.1,131.3,50.3,129.4,63.7,85.8,351,227.1,114.4,262.2,128.9,44,107.3,113.6,140.5,69,88.1,223.7,317.7,258.1,221.3,173.4,45.4,93,52.2,103.7,24.3,117.7,335.1,103.6,54.8,118.4,200.7,45.4,147.2,87.6,85.6,85.1,50.1,78.5,326,190.9,130,38.4,401.6,138.7,60.4,132.3,139.7,113.8,75.9,142.9,89.8,139.8,229.7,158,132.9,153.3,132.1,75.2,185.3,183.7,154.6,120,276.1,204.5,184.1,291.3,119.5,133.1,136.7,164.3,113.1,69.5,72.7,138.2,106.2,205.6,274.2,180.1,244.4,108.4,93.1,72.4,95.2,74.8,155.6,185.2,240.2,211.2,225.9,87.4,134.5,69.8,93.3,35,93.8,93.8,131.8,121.8,254.4,137.3,86.5,262.6,335.5,137.7,124.5,172,189.8,109.8,129.5,60.8,230.8,197.2,129.2,164,68.9,109.6,65.8,127.6,57,167.4,33.6,83.6,62.6,207.2,163.4,226.4,118.8,148,155.6,63.2,130.4,68.2,309,222.6,227,88.5,177,312,126.8,96.8,123,169.6,91.6,56.4,125,135.2,291.8,140.7,76.9,128.6,100.2,184,117.3,113.6,65.6,81,76.2,181.6,159.2,285,331.4,286.9,125.2,137,40,146.7,137.6,168.2,124.8,107.6,69.6,124.6,197.6,338,183.4,180.6,74.1,17.6,166.8,149.5,224.6,124,351.8,125,152.7,248,65.6,138,80.8,157.2,79.8,235.1,393,91.2,146.6,431.6,112,71.3,48.8,150.2,74.6,36.6,32.8,249,95.8,151.6,108.6,201.4,61.5,205.4,266.1,124.3,101.4,224,116,134.8,150.8,236,249.6,212.4,268.8,164,101.8,58.2,95.2,82.2,245.6,203,202.4,169.4,190.6,239.2,243.6,189.7,98.2,56.1,165.4,119.4,82.2,134.4,102,117.8,242.8,96.8,390.4,239.4,301.5,187.2,121.4,117.2,60.8,101.4,138,16,315.2,156,248.8,351.7,154.4,193.6,71.2,167.6,101.8,187.7,122,49.3,98.6,385,568.8,358.6,207.8,110.4,102.4,82.8,94.2,154.2,118.8
Heathrow,-0.44904,51.47872,25,11.1,29.2,29.6,29.9,43,8.3,58,44.8,39.5,54.6,85.9,55.9,109.4,18.8,65.4,87.3,32.6,73.4,12.2,98.6,50.5,66.7,78,86.2,36.7,122.1,41.7,62.5,36.4,48.6,35.7,44.1,102.1,51,73.5,47.4,59.5,103.8,42.3,54,65.1,25.3,22.6,44.2,80.8,54.9,79.4,68.2,131.4,64.2,44.3,74.9,71.7,45,56,20.3,59.5,26.6,68.7,93,3.1,5.1,68.7,46.1,67.7,39.9,37.6,59.5,25.1,70.1,53,53.6,49.8,10.4,151.2,38.5,70.5,16.6,42.4,47.3,76.7,127.7,19.3,64.4,11.1,57.6,63.9,21,55.3,43.4,54,38.3,25.9,15.4,27.2,15.4,27.6,17.3,57.7,66.7,13.1,12.5,10.4,58.1,54.2,68.8,49.1,40.9,60.7,38.6,26.6,52.3,53,57.8,27.2,15.2,22.4,67.2,29.8,67.8,140,71.9,142.8,34.4,92.3,23,69.7,43.6,62.9,23.2,36.3,13.3,111.2,23.2,58,29.1,13.9,21.1,11.3,9.9,19.3,6.3,15.4,16.4,96.6,93,81.7,72.3,63.5,65.3,56.8,32.7,37.3,52.4,10.4,150.3,15.3,48.1,51.3,55.5,68.8,40.9,58.9,45.4,78.5,38.1,65.5,53.6,17.1,1.6,8.2,108.6,59.9,44,94.9,77.6,87,37.6,21.7,33.4,20.8,68.7,48.2,90.7,29.7,36.8,72.1,21.6,26.1,106.2,59.3,52.3,27.7,96.5,26.4,33.4,32.7,11.9,90.8,32.4,79.8,39.5,56.7,45.3,94.6,76.5,34.1,85.3,38,31.6,51.5,22.8,71.9,84.6,24.5,39.7,39.6,109.1,72.9,63.6,47.2,31,33.7,101.5,72.9,12,50.3,11.4,42.9,41.7,39.5,50.9,73.3,32.9,73.4,5.4,90.9,36.1,19.2,27.8,73.4,82.8,69.8,56.7,41.3,29.8,34.1,33.3,64.7,88.9,35.2,58.9,11.2,18.4,30,80.5,105.6,14.5,43.5,60.7,52.3,17.2,54.6,66.7,22.8,72.4,66.1,60.6,11.1,32.4,42.7,39.9,54.1,69.9,77.3,57.2,36.9,174.8,43.3,14.4,106.9,26,59.5,27.7,41.6,44.3,76.2,60.9,27.8,56.3,16,8.9,26,40.2,56.6,64.2,12.1,35.5,36.7,55.7,10.8,52.8,23.8,119.3,71.1,92.3,6.9,29.7,4.1,39.5,6.9,26.8,24.9,49.7,22.1,51.4,69.7,34.7,25.9,52.8,9.1,88.6,92.9,26,43.7,18.5,59.3,12,12.6,17.7,38.5,57.1,94.5,22.5,62.3,84.7,77.3,59.4,86.9,35.9,63.1,2.4,16,75.3,31.8,43.9,35,23.8,96.3,123,29.5,73.8,80,42.6,40,52.8,80.6,17,16.9,32.2,86.3,76,43.1,63.3,113.7,71.9,49.5,16.9,30,11.1,20.3,0.3,95,19.2,28.5,82.8,41.5,49,31.4,25,25.8,12,28.8,45.8,22,35.4,91,13,10.3,55.1,11.4,9.8,28.2,78.6,34.6,70.5,6.8,44.9,47.1,47.4,68.6,6.6,51.1,82.6,31.9,89.6,26.9,16.6,101.2,103.8,57,49.2,68.7,21.1,25.6,35,35.8,98.2,8.6,124.8,86.7,49.2,31.2,77.2,16.5,62.2,16,99.6,87.2,19.2,52.8,32.3,105.8,155.4,99.5,73.9,75.2,69.6,95.3,66.5,26,39.1,35.2,79,59.6,108.2,33.8,17.8,51,64,37.6,38.4,66.4,74.2,67.2,36.3,20,61.6,151,119,73.6,20.8,16.4,30,39.1,47.6,28.8,10.4,8.4,35.2,113.8,51.4,71.9,26.2,29.5,68.8,45,40.4,37.6,107.8,18.8,96.6,29.6,46.4,21.6,19.7,43.6,30,19.8,32.6,45.8,42.4,47.5,73.4,29.2,44.4,16.8,41.2,44.6,33.4,91.6,11.8,23.6,68.8,78.2,64.4,98,63.6,56,92.9,43.8,3.6,80,63.8,115.2,41,17.4,37.8,84.8,44.6,69,15.4,69.8,63.4,64.2,45.6,76.8,64.4,43,45,58.8,41.2,72.4,69.6,30,28,29.8,34,71.4,39.6,36,39.4,148,84.6,51.8,100.4,39.8,23.2,20.6,12.4,18,88.6,38.2,74.8,32.2,21.4,76.8,42.8,14.6,2.4,24.6,84,49.8,68.8,35,18.4,29,63,34.4,16.8,16.2,98.4,25.4,110.8,71.8,36.4,41.2,88.4,71.8,95.8,50.1,32.8,52.8,34,41.8,11.6,25.2,32.6,49.6,81.4,50,98.2,162.4,89.8,27.8,58,84.6,40.8,50,97.6,10.8,76,128.4,37.8,63.4,38.6,24,16.2,41.6,12.2,71.8,116.8,50,39.8,48.2,39.4,74.8,43.8,72.8,47.2,60.4,93.4,16,21.6
Hurn,-1.83483,50.7789,10,22.9,59.3,49.4,86.9,97.5,7.3,80.3,33.9,40.4,61.3,103.3,63.8,99.8,17.9,123.3,118.5,79.3,140.6,18.1,101.7,44.9,47.5,69.6,106.8,41.7,216.1,58,69.2,103.8,97.1,59.3,31.6,124.5,38.3,24.1,61.5,108.8,174,49.7,49.1,73.4,58.4,26.5,65.6,65,86.3,43.7,44.6,138.5,104.7,40.6,111,127.4,43.1,79,25.2,95.7,32.9,51.7,62.8,46.2,2.7,146.6,102.9,154.9,64.8,50.9,48.3,34.9,24.7,46.2,48.6,77.9,21.2,217.3,32,128.4,22.5,65.7,55.3,27.5,131.2,11.7,53,8.6,44.4,57.6,32.1,107,108.4,100.6,61.1,79.4,56.7,32.6,25.4,29.6,26.4,95.6,125.8,46.7,15.9,14.9,40.2,77.3,51.6,27.9,37,52.4,63.9,31.4,49.9,121.1,120.9,35.9,10.4,41.8,59.7,39,83.9,176,49.1,150.6,45.4,115.4,24.3,80.8,37.9,32.2,9.4,15.6,46,143.8,14.8,67.3,25.1,9.6,34.4,37.4,7,17,6,10,13.6,118.2,175.4,128.4,125.8,96.6,131.1,85.3,17.2,52.4,93.2,25.7,114.5,31.4,55.2,84.7,119,100.2,124.1,67.1,58.1,38.6,28.8,86.5,44.7,19.7,2.3,18.7,208.2,97.7,67.3,93.9,56.1,113.7,35.4,32.4,48.3,11.2,62.8,37.8,147.8,54.2,76.9,94.6,30.7,32.4,109,38.6,72.4,60.6,114.5,47.5,56.4,29.3,54.5,120.8,47,103,67.9,41.6,7,149.8,88.7,36.3,119.7,47.7,48.2,101.1,17.9,34.6,90.4,88.5,79.6,66.7,183.8,121.1,99,77.1,18.9,44.6,85.8,97.3,93.9,9,14,65.7,79.9,46.4,116.7,153.8,36.7,73.4,0.9,79.6,27,13.7,14.9,55.5,91.3,146.9,99.8,80.9,44.6,59.2,45.7,37,61.6,45.5,115.8,30.5,25.5,55.9,120.2,134.6,5.9,69.1,64.2,72.6,20.6,43.4,107.9,28.7,77.1,138.4,125.4,10.3,64.9,88.4,65.2,17.8,60.1,74.6,26,37.1,152.7,81.1,50.3,160.5,52.8,87,35.3,28.8,19.7,74.1,70.1,35.9,118.7,22.5,23,34.5,79.9,93.4,67.6,12.2,38,29.3,40.5,36.9,87.7,56.1,203.9,130.2,172.5,6.2,41.4,13.9,50.2,12.4,21.4,36.9,95.3,57.3,66.5,97.1,35.7,96.9,44.2,10.7,111.5,78.2,12.1,65.6,96.4,51.4,35.2,20.2,31.8,60.1,83.9,21.5,28.4,51.1,89.7,97.7,52.7,148.4,96.5,101.8,9.8,54.4,98.8,51.1,57.2,56.7,35.6,153.3,163.5,76.9,178.7,130.2,112.6,65.8,54.3,81.7,19.2,22.6,41.6,84.3,133.9,99.1,109,166.1,125.3,40.8,27.6,25.2,7.1,14.8,4.7,171.5,51.9,121.9,80.8,74.5,93.7,55.4,36.2,53.8,35.7,16.6,83.4,37.4,61,145.7,37.7,20.7,99.7,34.7,21.1,43.4,116,10.8,117.1,10.3,64.9,169.5,107.2,128.4,14.1,72.2,93.1,36.7,94.7,54.2,18,100.1,146.1,57,95.3,132.4,36.2,27.8,86.4,15.6,65.8,6.4,101.1,131.2,77.8,57.8,180.6,39.2,85.6,30.2,150.6,88.1,38.6,42.8,25,112.8,180.2,201.6,197.4,141.2,83.2,135,73.8,23.4,31.8,54.8,48,46.4,150.4,35.4,28.4,77.6,101.2,50.2,38.8,84.2,39.4,71.4,68.4,49.4,105.2,234.6,135.8,81.4,43,28.8,17.2,53,50.2,65.8,28.8,7.4,81.8,164.4,98.6,103.4,35.4,51.6,74.4,38.6,23.8,46,75.2,52.2,154.2,27.8,72.8,55.2,16,48.2,54.8,35.2,57.8,53.8,47.2,31.4,112.4,71.6,71.6,20,59.6,64.5,27.8,96.7,15.6,55.5,16.2,43.6,129,126.4,117,80.8,112.4,69.2,4.8,103.4,97.4,118.6,44,28.4,33.4,108.4,86.9,114.8,38.6,95.6,74.6,82.6,40,72.6,77.8,93.2,79.8,83.4,45,96.6,88.6,44,50,26.2,61,75,28.6,40.6,79.4,163.2,147.2,60,76.4,72,34.4,15.8,28.6,34,94.8,58.2,65.2,107.4,60.4,95.6,75.8,19,6.8,25,84.2,41.2,133.6,60.6,49.2,46.4,93,48.2,22.2,36,148.6,35,135.8,137.4,54.6,85.8,131.4,132.4,161.2,126.4,41,93.2,48,58.2,31.2,29.2,23,40.8,163.6,67,192.2,247.4,184,53.2,115.2,102.4,33.8,24,89.8,20,138.2,163.6,45.6,101.6,53,25.4,20.2,69,29.6,59.2,138.8,74.2,68,85.4,89.2,190.8,63.2,105.6,56.8,58.8,85.8,12,41
Lerwick,-1.1299,60.13946,82,86.1,98.8,130.5,254.7,190.9,55.9,59.2,68.7,45.2,61.2,39.6,99.8,104.9,123.6,92.8,194.7,106.6,99.5,139.9,34.3,125.5,73.8,61.4,34.8,86.9,140.4,108.8,189.3,115.8,124.8,192.5,128.1,86.4,59.2,84.5,88.6,141.8,183.5,119.9,163.5,143,119.8,108,54.6,71.7,89.2,36.4,38.2,72.7,121.5,49.2,91.1,177.9,92.5,77,67.7,58,74,107.3,48.7,170,94.2,120.2,149.6,150,134.6,145.6,53.8,47.3,64.7,91.8,50.3,133.1,186.7,158.6,84.1,160.4,89.6,118,60.8,89.7,29.9,47,58.2,108,126.5,189.3,165.8,82.1,77.1,67.9,119.9,44.7,78.7,25.6,92.9,42.9,83.6,230.9,114.6,96,150,86.1,103,75.3,93.6,43.4,131.1,136.3,87.9,236.3,186.2,133.9,92.8,44.3,2.2,54.7,38.2,82.7,46.7,94.3,91,127.8,196.6,182.7,20.5,73.8,108.1,41.8,68.3,46.8,77.3,137.8,59.3,116.1,156.8,160.4,99.9,105.5,75.2,40.2,64.3,41.3,25.4,46.8,133.5,143,85.9,121.9,66.4,114.5,93.2,46.4,55.1,50,68.4,121.4,115.7,148.1,146.8,155.6,85.4,88.7,22.7,40.3,66.8,65.2,24.2,160.9,98.6,170.5,62.9,133.3,54.7,175.4,128,117.2,89,74.3,130.9,179.8,111.5,199.7,157,89.5,90.7,88.7,36.6,10.4,47.1,29.1,68.6,162.7,104.1,151.5,193.7,155.9,80.5,139.3,51,56,82.5,38.3,66.5,134.7,247.8,235.5,116.1,86.6,46.9,134.5,37.3,82.1,9.5,74.4,141.1,181.3,113.6,187.2,120.8,202,60.5,133,80.6,35,70.9,69.3,63.8,114.3,211.7,90.1,186.9,142.1,90.2,81.5,74.6,26.8,51.8,35.5,34.3,147.2,173.1,110.4,122.7,67.1,69.9,94,146.5,57.4,15,54.8,110.9,70.2,68.7,176.5,156.3,148.9,10.8,125.7,35.5,105.7,38.2,74.9,77,133.1,156.1,182.3,194.4,123.6,50.6,188.4,37,39.8,55.7,43.5,78,96.5,245.5,113.3,94.2,104,142.6,131.8,62.6,52.7,13,156.1,107.9,97.3,177,128.8,128.7,143.9,249.9,146.2,58,66.7,42.4,79.9,88.8,73.6,130.3,55.6,90.4,183,199.4,191.1,143.3,43.6,134,53.8,108.2,126.4,135.7,93.8,117,136.3,55.7,120.9,46,32.6,56.2,103.8,57.5,120.8,157.6,189.9,120.4,105.5,146.8,115.1,94.7,74.8,31.8,57.9,126.8,112.1,77.2,207.7,123.2,226.6,114.5,123.9,75.6,45.9,46.5,51.4,53.1,38.1,99.7,64.2,179.7,241.7,74.9,206,89.4,33.6,99.8,25.1,85.7,140.7,108.9,140.9,210.1,164.9,133.5,154.1,63,30.9,33.8,54.7,49.5,139.3,113.9,110.4,232.1,44.5,118.6,70.8,59.2,51.9,33.1,85.2,58.7,49.1,142.9,170.5,107.5,67.2,175.1,151.9,110.4,49.7,41,32.3,75.9,86.6,101,108.4,96.8,105.3,214.9,144.8,50.8,31.4,105,75.9,79.3,116.5,182.3,160.7,170,139.2,202.8,93.9,77,86.5,89.4,53,74.2,143.8,156.2,151.3,274.2,156.7,160.7,158.3,83.5,42.6,77.7,28.2,87.5,145.6,144.9,182.4,140.4,79.7,140.3,95.3,65.2,29.7,54,78.8,88.1,71.1,122.1,160.2,150.3,170.3,161.1,94.9,55.2,70.2,63.3,56.8,54.6,44.4,93.8,143.8,119.6,198.9,53.3,72.6,31.4,87.4,89.8,39.6,53.9,111.8,125.6,120,146.6,152.3,104.2,92.6,77,61.6,87.2,38.8,121.2,94.4,126.4,138.3,153.2,194.2,117.3,121.9,71.1,80.7,95.4,58.4,89.2,141.8,141.8,152.6,107.7,93.2,110.7,112.1,93.2,54.2,74,69,70,91.8,183.6,204.6,165.2,194.8,153.9,107.7,58.6,58.6,12.4,104.8,118,128.6,70.4,146.6,89.8,219,96.9,116.9,66.7,7.4,81,101.4,77.1,60,179.8,120.2,133.4,117.8,135.5,131.4,45,68.8,39.8,66.8,119.4,77.2,163.8,216.4,101.7,113.7,143.1,86.5,72,39,21,140.2,93.8,101.2,92.9,117,64.5,94,139.3,60.1,32.4,115.2,60,61,114.2,83.6,117,128.6,241,162.1,100.3,74.4,93.3,71.7,48.8,74.6,132.8,111.6,86.5,123.3,157.6,98.4,65.1,27.5,84,53.6,65.7,42.9,86.4,148.9,133.7,165.2,164.9,189.8,123.8,89,65,60.6,27.2,36.6,184.2,114.8,182.4,116.4,159.2,302.4,127,109.2,67.3,131.2,58.6,68.4,93.8,88.6,128,156.7,189.6,187,119.6,79.2,55.1,46,48.4,115.2,108.4
Leuchars,-2.86051,56.37745,10,57.8,32.7,19.2,56.4,56.7,5.6,54.6,27.6,53.4,77.5,87.9,48,93.1,57.2,70.8,59.6,57.4,102,11.2,100,50.6,89.8,44.2,139.8,52.8,80.4,41.9,68.6,53.2,44.4,30.4,12.5,99.6,20.4,33.9,61.3,70.1,80.2,54.1,20.5,39.8,37.8,25.7,58.9,113.5,17.8,83.2,46.8,66.2,111.9,51.5,39.4,80.5,36.7,43.9,46.7,151.7,54,29.8,38.8,43.8,22.7,56.4,55.7,91.5,41.1,12.8,24,56.8,49.8,62.8,81.5,61.5,35.4,102,32.2,43.9,17.3,27.3,59.2,57.5,34.4,77.2,60.6,9,37.7,57.1,15.9,102.6,92.9,31.1,44.3,53.6,51.4,19.3,38.7,4.7,13.7,37.5,54.6,53.4,4.4,7.4,33.9,58.7,17.5,60.6,29.2,33,41.9,14.4,61.1,86.9,55.7,49.2,10.6,54.8,62.6,51.1,40.8,68.3,30,70.7,50.1,87.5,50.1,18.7,34.8,15.7,31.7,75.4,53.1,88.3,25.1,28.1,13.5,58.1,34.5,64.2,33.3,68.4,10.5,32.2,11,81,148.7,44,77,76.4,141.6,58.8,16.6,34.1,68.2,29.6,59.5,46.2,105.5,55.7,42.5,103.2,76.5,51.6,64.5,53.7,42.4,66.1,84.2,52.1,15.3,33.8,155.1,44.8,4.9,49.2,52.4,81.5,33.2,40.6,80.5,17.2,74.2,60.3,105.3,65.8,90.8,80.9,4.6,20,95.8,65.4,72.3,49.7,69.4,66.8,55.8,23.8,36.5,82.8,19.4,62.7,56.2,37.4,16.5,128.8,66.7,52.4,59.5,80.4,28.6,54.3,22.4,37.1,33.3,30.5,30.6,85.5,135.5,86,94.2,55.6,20.4,55.5,50.8,57.3,70.6,13.4,27,98.7,48.9,15.9,80.8,112.7,38.5,102.1,10.2,22.7,35.5,21.3,11.3,78.1,76.9,160.9,52.9,62.8,7.8,77.7,61.7,67.2,65.2,95.8,101.2,144.7,19.7,55,105,70.7,25.3,26.1,56.3,78.9,45.1,58.4,45.9,19.1,35.6,34,112.5,49.4,39.3,60.7,68.1,48,103.1,61.4,64.7,47.7,92.9,27.6,44.3,111.5,31.1,65.1,99.2,49.2,15.3,85.7,87.2,48.1,94.6,54.5,16.9,25.2,43.1,49.9,26,24.2,34,14.5,70.6,27.6,60.5,23.4,55.4,86.1,81.8,17.1,20.7,28.8,107.2,22,39.2,45.1,117.7,44.6,48,77.8,72.4,65,20.9,19.2,94.7,63.1,22.5,41.9,54,38.5,39.3,43.7,27,91.4,41.6,39.1,32.1,57.1,105.9,105.3,33,69.7,52.6,167.2,3.8,26.3,101.7,87.7,41.8,57.2,40.2,56.9,109.4,57.4,74,61.9,96.8,45.2,41,14.8,32.4,19,31,21.8,39,63.4,49.4,62.4,78.6,28.1,31,49.4,33.4,21,11.2,136.6,94.4,83.2,53.5,42.8,36,60.8,69,35.6,21,37.6,32.8,18.4,89.6,92.6,69.8,21.3,72.2,27.2,4.2,87.2,81.4,48.6,24.2,32.2,29.8,90.6,115.4,78,9.2,53.2,86.5,46.4,63.2,91.8,46.7,60.4,108.6,57,36.7,78,28,24,46.2,56.6,63.4,34.4,21,76.8,41.6,46.8,86.8,24.2,30,33.8,85,75,57.6,16,55.2,126.2,81.6,95.8,107.2,34.3,88.8,56.1,43.2,14.5,63,43.6,89.2,36.8,100,26.2,34.2,97.6,78,48.1,28.6,42.9,73.4,145.8,88.2,21.8,169.6,106.6,89.4,58.7,15,25.4,38.8,66.8,43,47.4,12,42.6,23.2,63.4,60,61.3,18.8,33.4,57.6,31.4,91.2,19,215.6,59.5,181.3,42.3,19.8,70.5,47.9,50,73,72,64.2,22.6,34.8,23.2,130.8,55,62.6,18.6,25.8,95.5,5.2,57.2,34.8,22.5,45.2,89.6,103.6,71.2,49.8,67.6,68.4,29.4,10.2,57.2,134.7,119.8,78.6,21,20.6,66.2,30.8,147,24.2,40.8,68.6,18.6,57.8,105.6,165.5,45.8,43.8,29.5,58,52.2,34.4,28.8,29,55.4,45.2,100.2,82.4,89.6,65.4,139.8,68.9,53.4,54.7,62.6,28.8,59.2,20.8,124.2,44.6,114.2,57.6,106,18.8,51,85.6,66,8,87.2,73.8,104.6,154.4,60.4,65,46.6,51.2,26.2,18.8,10.4,98.4,66.2,135.2,124.4,86,46,107.8,44.6,132,79.2,26.8,48.6,30.4,67.2,28,62.2,19.4,35.6,117.4,21,93.4,97,77.6,36.2,55.4,42.5,62.4,43,112.8,17,123.2,99.6,43.8,42.9,26.4,37,25,78.2,36.4,112.2,53.2,38.2,48.2,108,120.8,157.6,35.4,23.6,83,19,89.8,57.2,32
Lowestoft,1.72679,52.48323,18,121.1,19.9,55.4,80.4,34.4,55,13.8,48.8,28.6,47.7,91.2,59.4,16.6,128.6,116.3,71.8,30,45.3,18,50.3,68.9,12,29.9,55.2,66.1,87.6,65.8,42.8,49.8,37.9,21.9,26.2,30.4,64.5,72.8,78.5,130.5,53.8,58.5,68.1,46.2,53.3,52.7,48.9,66.6,27.8,99.6,66,6.9,4.1,84.5,71.1,48.2,51.8,39.3,58.8,26.8,10.3,39.4,25.5,46.8,33.6,135.9,42.8,70.8,12.2,32.6,16.4,26.1,62.4,68.9,56.2,33.1,53.6,86.8,21.7,46.4,24.4,20.2,30.3,32.2,31.2,60,2.1,39.1,12.3,45.7,30.6,17.5,33,9.7,68.9,57,36.9,76.6,18.2,75.9,50.3,26.3,33.1,43.3,44.8,24.6,11,13.2,38,44.5,98.6,117.6,109.3,97.3,25.5,87.9,17.3,67.4,39.5,43.5,17.2,46.9,31.1,92.8,41.5,72.4,29.8,44.5,12.7,11,9.5,20.3,8.9,19.1,57.4,134.6,88.6,68.1,47.5,55.2,67.1,36.6,25,36.5,21.6,13.3,64.3,19.2,12.3,61.4,61.8,61.1,52.5,53.6,34.3,22.7,76.1,21.2,50.2,38.1,6.4,42.6,77.3,71.6,72.9,52.3,49.3,75.8,34.3,5.5,52.9,19,21.9,67.5,88.3,50.3,50.3,30.4,22.5,4.6,58.7,71.5,48.7,26.5,83.9,53.4,62.8,47.9,31.1,77.4,102.5,50.9,44,50.6,12.5,59.6,75.7,39.5,37.3,26.6,19.8,43.7,13.7,46.5,88,28.2,53.6,45.4,135.9,60.6,59.3,42.8,32.4,38.5,85.1,53,25.7,15.5,10.9,83,43,62.6,40.5,77.5,34.2,65.9,21,72.6,24.4,33,36.8,90.4,39.5,65.4,56.2,61.8,6.6,34.4,60,65,122.6,43.6,81.5,9.9,9.3,60.4,99.4,61.1,9.7,55.5,193,50.7,30.9,55,60.8,25.3,61.6,44.8,72.3,22.3,25.9,35.8,37.4,55.7,64.5,77,117.7,37,95.5,50.5,27.3,108,56.9,83.3,49.8,43.5,20.2,71.3,29.8,21.8,30.3,32.3,25.6,27.9,38.5,43.2,58,9.4,69.9,16.7,22.6,43,33.1,17.8,75.5,49.2,77.9,20.7,49,15.1,40.5,17.6,30,32.6,58.7,121.3,51.7,27.3,24.5,20.8,33.2,17.2,55.3,32.8,10.2,46.6,27.8,61.4,28.3,50.1,17.2,77.5,60.2,43.4,35,67.9,72,31.7,53.7,92.3,36.1,47,27,21.8,35.8,62.1,20.2,62.7,59.8,137.5,142.8,76.5,87.6,70.1,23.6,52.8,41.3,49.5,27.7,44.5,59.7,44.6,74.9,21.1,51.9,98.4,69.6,55.3,18.2,19.2,42.6,53.9,17.6,73.7,6.4,28.4,56.9,11,35.8,17.3,3.3,30.5,4.4,58.3,128.7,18.6,45.2,105.5,38.9,6.1,36.4,12.5,19.5,47.5,95.6,35.2,34.6,11.2,47.5,71.8,104.6,67,9.8,53.7,83.3,15.9,104.4,54.5,29.2,33.6,98.2,75.8,90.7,53.7,48.5,52,39.8,29.6,101.6,24.2,122.4,54.9,32.2,41.2,71.4,18.1,45.7,12.5,74,84,17.6,60.1,43.8,88,134.6,86.2,56.8,51.2,84.6,80.2,68.3,38.1,64.9,59.2,78.2,122,55.6,62.3,32.5,34.2,51.3,114.2,41,23.8,30.1,45,27.1,26.2,117.9,90.5,87.1,98,9.6,12.4,29.1,65.6,36.3,53.5,9.2,31.8,63.7,71.4,68,98.1,40.1,28.5,55,39,52.8,79.7,153,27.4,57.5,39.4,23.3,36.2,57.8,35.9,35.4,60.1,38.2,79.6,27.7,75.1,66.3,48.3,63.8,9.9,69.7,33.2,30.4,73.4,16.7,23.2,157.4,89.7,74.9,57.3,46,57.8,79.9,56.2,0.2,150,102.7,70.9,33.3,34.1,48.7,54.6,44.5,58.8,27.4,91.8,45.5,49.9,40.9,30.6,72.4,68.4,86.5,102.8,32.8,42.3,54.8,42.7,5.9,38.3,64.2,85.3,18.7,13.6,40.2,75.4,99.8,56.1,89.1,29.4,18.8,11.1,25.2,51,140.5,75.6,64.5,100.5,21.8,61.8,36.5,5.2,6,9.2,70.9,55.4,57.8,18.1,46.5,22.7,54.9,33.1,13.8,64.2,108.9,46.6,74.4,93.6,59.6,38.8,92.7,62.1,95.6,49.3,36.4,92,18.6,53.8,29.6,5.5,26.9,36.9,92.4,54.7,45.6,62.4,74.1,27.5,12.5,94.8,28.5,59.3,95.2,18.6,63.7,126.6,58.4,44.3,36.7,24.8,15.7,47,25.4,152.6,78.2,67.6,36.8,61.2,38.9,104.9,30.6,65.6,63.2,46,90.9,38.6,16.4,37.7,59.3,57.8,18.6,42.3,41.8,32,13.1,54.2,53.2,73,41.7
Nairn,-3.82097,57.593,23,64.6,48.4,59.4,46.6,57.3,21.7,22,44.1,57.3,33.3,106.1,56,100.6,53.7,61.9,58.3,16.6,51,52.1,8,70.9,158.8,71.4,69.8,37.5,83.2,63.3,113.1,73.8,42.2,78.2,27.3,27.1,19.1,24.9,107,50,67.6,44.7,42,47.5,34.7,63.7,44.8,98.8,50.3,95.1,28.3,52.4,85.3,37.6,42.2,47.8,32.5,17.5,33.6,69.6,28.6,17.9,51.8,47.8,50.3,62.2,16.9,21.4,52.3,39,51.1,34.4,67.2,74.6,97.3,67.5,64.4,88.2,43.5,30.8,26.6,36.9,8.3,47.5,54.9,52.2,56.8,25.8,56.9,69.1,43.7,15.4,34.7,14.8,33.3,19.6,51.5,22.6,52.5,13.3,7.3,48.2,34.5,17,44,24.3,39.6,54.2,27.7,87.1,62.7,75,29.7,79.7,76.7,42.9,24.2,27,13.9,34.7,38,56.1,51.4,50.5,74.8,69.3,88.1,87.6,11.5,14.8,40.1,45.2,28.8,52.4,86.2,56.3,26.3,43.3,37.7,95,13.3,41.3,18.5,32.8,14.6,36.9,13.8,66.3,68.8,36.2,22.3,33.1,40.7,22.2,70.5,59.1,57.5,44.6,47.4,54.1,25.9,100,16.8,56.4,55.2,53.5,32.7,49.3,34.9,56.6,77.4,70.5,36.6,96.9,22.2,41.2,17.9,68.5,51.6,50.9,36.3,59.4,59.2,21.7,52.9,58.6,70.6,61.9,29.7,21.5,18.3,13.4,113.7,113.5,74.7,63.2,84.7,103.2,72.6,56.1,23.1,42.9,10.7,41.4,47.4,40.8,25.4,89.7,86.5,75.7,28,48,14.1,45,19.7,32.8,34.7,30.4,99.9,61,51.1,74.5,67.9,51.6,15.9,38.2,14.3,42.4,39.5,9.1,34,92.8,52.3,18.2,68.2,54.2,35.8,22.3,15.2,4.4,28.3,25.6,16.6,101.5,102,84.1,42.8,37.5,6.6,36.6,54.8,51.9,44.9,81.2,91,85.6,11.8,47.7,41,56.1,5.5,37.7,30.7,49.1,50.8,39.3,71.4,28.7,30.5,22.8,80,29,38.3,85.8,50,39.7,71.1,82.1,43.8,40.3,77.7,29.1,25.9,104.1,36.3,64.2,61.1,48.2,10.9,96,101.2,34.6,64.4,30,47.1,24.3,103.3,55.3,35.3,43.8,35.5,18.4,58.2,48.2,57.9,16.6,31,60.8,99.1,88.1,27.6,36.4,138.2,23,72.7,72.6,67.2,54.3,54.6,31.7,27.9,44.4,15.8,37.1,82.3,48.2,36,53.4,32.2,52.9,39.9,60.9,25.3,70.3,32.4,31.1,29.2,19.6,91.3,80.6,49.8,62.8,57,90.5,16.3,21,29.8,69.9,52.3,55.9,33.5,34.4,110.9,14.3,87.2,68.3,42.8,95.8,61.6,25.6,43.9,37.4,49,46.8,73.3,58.1,60.9,88.6,54.7,29.8,29.2,36.1,24,23.7,15.4,222.4,49.9,38.9,21.3,6.8,35.1,15.5,41.7,45.2,25,23.01777988,60,23.1,82.5,58.1,23.4,36.2,80,60.3,21.5,115.7,142.6,79.8,43.3,33,16,40.3,47,66.7,46,41.9,75.1,32.7,139.4,99.4,32.3,36.4,93,86.8,36,50.7,42.4,20.7,48.6,79.8,77,52.4,22.3,69.8,22.4,74.8,88.5,54.7,57.3,34.7,138.3,47.7,30.7,10.4,57.4,58.6,72.5,80.1,76.6,8.6,45.3,36.4,22,35.8,47,62.2,71.3,41.7,95.5,68.5,57.6,54.8,107.7,51.5,40.1,40.7,49.2,131.7,45.1,39.5,101.9,67.1,11.4,50.3,20.3,33.7,65.2,43.9,31.8,29.8,22.2,33.5,57.9,29.7,53.6,93.6,36.7,25.2,51.3,24.7,89.4,45.1,122.2,70.1,99.2,59.3,64,80.6,56.4,36.9,19.8,66.3,65.1,20.1,77.5,27.6,103.6,50.7,29.4,11.4,33.4,58.3,19.5,65,39.3,47.7,73.5,79.1,138.6,91.3,67.6,47.7,40.1,26.9,11.4,107.1,96.8,112.5,80,21.9,29.6,89.4,46.7,62.1,25.8,41.6,57.5,21.2,49,80.7,88.7,43.3,84.1,36.9,47.1,21.8,53.5,63.1,17.8,47.4,41.9,121.9,53.7,104.7,68.2,74.6,107.5,32.3,53.7,37.5,43,42.4,34.6,101.8,66.7,109.8,38.6,60.4,17.8,27.5,44.4,76.6,29.6,60.9,66.8,54.5,112.2,72.5,47.3,40.8,101,68.5,22.1,5.2,102.5,41.3,54.9,72.5,56.2,67.2,61,18,48.1,36.3,30,20.4,28.8,54.3,50.5,26.6,39.9,35.5,47.1,53.3,73.8,19.4,30.3,26.3,34.8,47.7,94.7,35.2,175.4,22.3,108.5,44,114.6,101.7,20.3,36.8,37.1,57.5,51.9,106.3,71.9,38.8,44.4,72.4,105.2,77.2,67.5,36.4,59.2,32.8,54.2,63.5,63.9
Newton Rigg,-2.78644,54.6699,169,51,60.5,37.9,146.3,117.6,19.5,57.4,55.9,57.5,62.5,54.9,78.6,123,70.3,86.1,91.3,45.1,91.8,48.4,63.7,46.2,88.1,45.1,116.3,112.2,108.8,89.9,108.8,64.1,116.4,64.2,21.6,165.2,104.6,87.1,94.7,121.2,241.3,55.9,67,66.6,31.8,141.2,60.2,50.4,79.7,74,39.6,225.8,129.3,35.4,60,71.2,49.9,46.2,53.8,92.6,83.8,36.7,70.8,75.5,22.5,175,74.2,94.4,71.5,48,68.4,27.6,49.9,84,90.8,84.4,112.4,140.2,27.4,64.4,70.6,54.4,30.4,35.7,53,98.8,143.1,24.7,77.8,81.8,29.8,117.4,62,74,81.2,80.8,65.5,49,33.6,21.2,22.6,162.1,103.9,51.2,46.8,29.9,50.6,69.2,37.9,86.3,97.5,52.3,54.2,48.3,90.7,209.2,126.7,43.5,1.8,40.2,49.6,82.4,74.3,107,45.8,155.2,178.6,179.5,23,33.4,44.4,25.6,33,75.3,79.1,114.6,44.1,65.1,35.3,89.3,42.5,43.8,52.7,77,27.3,30.2,12.5,115.7,146.5,86.4,85.5,81.7,68.6,91.4,61.7,28.4,72.6,34.6,60.8,56.5,119.8,134.8,96.9,158.5,61.3,108.1,25.4,25.8,50.5,39.9,82,99.6,47.2,117.9,110.6,47.5,27.6,107.4,63.7,109.3,47.7,33.8,89.7,64.9,85.7,129.2,159,61.6,69.6,65.3,10.9,28.1,137.8,85.6,81.4,62.4,118,93.5,101.8,67.6,51.2,111.9,51.3,72.7,43.2,55.5,26.7,156.9,146.5,125.6,55.6,106.5,69.8,110.9,9.3,46.5,96.7,58.6,73,72.2,110.5,170.6,111,114.5,33.7,83.7,73.4,106.6,48.7,31,19,86.9,137.5,28.5,123.9,139.2,53.9,59.9,9.9,17.5,43.4,21.6,91.2,116.8,90.4,185.2,63.9,38.4,5.8,63,70.1,68.1,50.9,103.5,142.2,114.5,51.4,72.4,129.3,21.1,5.3,86.9,45.3,100.9,50.1,61.6,102,21.4,120.6,138,178.6,34.4,52.5,142.3,45.7,30.6,93.8,100.6,86.8,94.9,168.8,64.3,67.3,157,91.1,85.8,43.1,43.3,41.7,165.6,73,80.6,93.3,31.3,85.5,61.8,127,108.3,46.6,65.1,40,15,84.1,19.4,105.9,60.9,108.2,193.3,239.1,38.5,45.6,43.4,69.2,39.5,44.1,57.7,130.3,55.6,150,142.8,75.9,100.8,71.7,11.8,67.9,47.7,37.7,47.9,129.5,156.1,109.2,27.2,77.7,106.2,59.4,71.7,22.9,51.1,119.4,88.7,73.4,137.4,90.9,187.7,11.1,32.7,127.4,114.4,32.8,80.3,58.1,64,52.1,44.5,191.2,142.1,55,159.5,89.4,29,46.2,65.3,129.8,75.6,81.3,98.7,195.6,146.1,129.3,85.2,16.3,44.6,18.3,38.2,10.9,64.1,115.8,87.1,28.5,69.6,117.8,21.1,48.3,36.3,19.5,43.3,53.9,41.1,88.6,95.8,38.2,6.1,182.1,46.2,22.5,75.4,60.4,83.2,40.1,37.9,39.6,86.7,117.3,119.3,48.5,84.4,63.5,44.1,98.5,107.9,49.9,65.5,184.3,83.8,73.7,155.8,35.9,63.8,79.8,66.9,73.8,27.9,39.3,122.9,66.3,85.6,197.8,102.9,115.3,65.2,71.3,38.1,86.9,49.7,51.6,157.8,166.2,146.9,146.9,73.7,84.5,31.4,72.3,15.9,46.8,31,50.9,93.6,150.8,67.1,48.7,100.8,213,54.3,48.8,102.4,73.9,111,59.3,50.6,146.5,106.8,86.9,76.1,28.8,48.2,48.9,77.6,69.5,38.9,6.5,55.7,26,101.8,97.4,104.4,65.8,53.6,35.5,33.4,72.5,44.9,251.6,86.3,143.6,32.1,83,153.4,45,48.6,83.4,55.2,39.5,37.9,47.7,69.2,132.5,99,45.5,34.4,63.9,73.9,56.1,99.4,46.6,70.7,83,65.6,104.7,134.8,204.8,132.6,41.8,78.4,13.6,57.4,144.6,162.4,54,48,46.4,56.1,117.5,189,56.6,95.6,62.7,23.4,72.5,98,106.4,111.1,128.1,57.6,84.8,115.4,16.7,51.1,30.5,70.5,37.7,181.6,75.5,24.1,89.8,269.4,86.5,33.1,35.3,81.4,23.2,20.8,49.5,83.2,41.9,91.4,86.7,118.8,23,73.2,100.8,38.2,27.2,110.8,50,71.8,99.4,90.6,103.6,79.4,162.8,78.8,28.4,19.4,63.2,82.2,157.4,99,97.8,113.6,103.2,108.2,148.4,56.2,26.4,43.3,54.8,78.4,33.2,86.6,53.8,44.4,138.2,64.4,203.2,179.4,184.2,59.8,42.2,68,31.2,31,108.2,5.6,168.6,86.6,114.2,127.8,43.8,73.4,43,97.2,26.6,87.8,103,31.6,46.2,212.4,329.4,161.4,98.6,57.6,66,16,108,72.6,97.2
Oxford,-1.2625,51.76073,63,15.5,17.5,25,43.7,56,5.8,44.2,49.4,63.8,53.4,90,61.7,75.4,12,51.2,95.5,30.8,74.9,9.9,81.7,54,56.6,80.9,78.8,52.5,122.7,28,80.4,35.5,64.3,30.7,40.4,85.6,49.3,76.6,44,59.4,121.7,29.2,63.3,57.9,26.8,19.5,46.1,66.2,69.2,141.6,91.7,108.3,67.7,54.5,63.6,74.9,39.9,48.3,37,88.8,20.7,49,87.9,32.8,5,52,72.9,66.6,49.2,45.8,75.9,22.9,43,42.3,51.9,40.3,19.5,150.3,33.9,105.3,22.1,42.9,44.8,46.3,135.8,37.3,133.2,13.4,74.2,61.3,24,60.5,50.8,63.2,45.8,49.8,55.8,23.3,29.8,31,25.9,65.8,74,24.4,15,10.8,42.4,71.2,109.3,60,28.8,32.7,40.8,28.3,30.9,65,77.7,36.7,4.2,31.6,78.7,41.7,97.2,156.1,66.4,95.1,33.4,69.4,29.7,95.2,46.9,49,18,34.1,30.2,95.3,11,37.9,21.7,18.9,18.8,16,8.1,44.2,17.1,14.3,23.9,90.7,99.5,55.9,101.8,75.9,114.4,59.8,40.7,43.1,86.9,5.8,129,7.8,32.8,46.6,67.8,68.2,45.6,52.3,45.2,48.5,39.9,82.4,32.6,24.4,5.4,22.8,109.5,56.8,56.2,110.3,38.9,124.8,43.6,16.6,60.8,17,59.8,39.4,127.7,36.7,39.8,69.8,14.1,35.5,89.4,59.5,63.6,65.6,84.9,42.5,32.9,39.2,20.9,129.7,43.9,87.7,26.1,34,38.8,92.5,64.7,31.4,74,57.2,32,96.2,27.4,35.9,69.4,23.5,37.9,51.9,83.4,77.3,62.4,45.7,23.8,42.5,89.5,106.3,19.4,21.7,24,59.4,53,42.6,49.8,81.5,35.4,50.3,1.6,72,30,13.6,32.7,91.1,54.4,101.6,44.5,44.4,34.7,36.7,32.7,80.5,122.5,45.8,67,19.4,29.1,41.1,108.1,67.3,7.3,58,70.4,70.7,22.3,37.1,114.3,39,75.1,78.4,64.2,9.9,34,53.9,51.4,48.7,86,29.3,34,25.4,138.8,58.2,26,100,33.8,59.1,30.2,32,59.6,96.5,38.8,39.6,38.6,29.5,13.4,33.4,55.1,47,63.8,29.2,45.9,29.4,43.3,23.8,53.9,32.5,141.5,75,94.2,18.4,20.4,8.7,48.8,17.7,26.5,41.1,45.9,20,56.3,60.9,20.5,46.1,56.3,8.6,74.8,92.8,11.6,42.9,34.2,62.2,15.9,30.4,22,47.7,57.7,62.2,43.4,70.1,108.9,106.9,75.7,119.9,50.7,82.4,7.1,32.7,69.2,56.6,40.1,51.3,26.7,96.1,112.4,51,98,82.2,62.4,41.9,52,84.5,13.5,54.2,52.5,62.6,67.4,55.7,74.6,116.3,66,49.3,18.9,54.1,6.6,37.8,4.4,98.8,33.2,98.2,99.8,35.5,60.8,27.1,49.3,35.7,23.7,25.5,53.1,16.1,33,81.6,16.2,11.9,76.5,7.2,17.5,61.2,66.7,25.4,104.2,18.5,57.2,94.6,58.7,60,8.7,57.4,107.7,20.9,75.9,29.5,26.8,119.4,116.4,69.9,72.7,91.9,32.9,28.8,57.6,50.9,65.3,7.2,98.3,102.1,70.8,41.1,89.8,19.8,78.3,11.9,137.2,67.7,19.4,28.5,58.3,87.2,119.5,99.1,99.8,57.4,68.6,75.1,72.7,35.5,23.1,57.2,92,35,92.4,38.5,29.5,57.4,70.9,33,43,58.3,42.4,89.6,53.2,24.8,109.4,133.4,98.1,81.4,17.3,25.2,36.8,48.1,55.5,53.8,3,17.4,31.7,89.6,70.7,66.1,25.5,51.8,68.8,41.1,23.8,83.1,135,28.9,131.4,34.2,37.7,18.2,20,44.5,50.2,31.5,93.4,34.9,31.3,38.5,53.4,38.6,50.2,16.6,33,59.3,36.3,104.7,5.3,87.3,58.7,90.8,118,86.4,68.7,73.3,81,36.9,1.8,135.2,78.8,105.5,38.2,17.7,68.9,56,60.6,81.6,16.9,90.3,46.9,106.6,67.3,90,77,73.5,39.3,94.2,37.3,47.8,54.5,20.2,36,44.8,49.3,72.8,46.6,9,44.4,105.2,89.9,56.4,79.8,47.6,25.5,28.6,34.5,17.9,146.2,52.5,43.4,38.6,32.7,58.8,49.3,9.3,0.5,42.5,54.1,43.1,65.6,31.8,26.3,28.4,71.2,34.6,21.3,24.3,143,55.5,151.7,100,85.6,57.6,124.2,83.3,103.3,58.5,47.4,76.6,24.8,66.2,17.3,45.7,19.3,40.6,86.5,55.2,97.7,146.9,90.1,39.2,50.2,90.3,36.9,45.5,85.6,4.1,65.6,98.6,44,53.6,46.2,25.6,22.5,55.6,28.9,47.8,57.2,36.8,45,65.3,62.9,83.9,47.6,74.2,53.1,86.1,95.7,3.4,41.2
Paisley,-4.42966,55.8455,32,131.5,67.4,95.6,154.3,127.2,24,68.5,74.8,86.3,102.6,98.2,107.7,144.2,126.2,55,138.9,71.9,131.2,92.9,79.6,87.9,111.7,33.6,104.8,115.7,82.6,99.9,174.5,90.9,132.3,138.6,47.4,121.2,38.3,77.6,69.1,108.7,256.9,82,59,89.3,69.3,126.4,53.7,123.8,27.6,82.4,69.6,140.4,161.9,92.8,46.4,103,41.5,20,39.5,112.3,70.9,54.1,57.6,72.9,61.8,146,102.5,100.1,114.2,48.4,83.9,37.8,56.3,69.3,89.7,129.2,151.5,166.3,65.5,100.1,105.8,39.9,38,48.9,31.1,94.1,98.5,24.7,137.3,78.6,90.5,105.9,56.1,47.5,122.1,122.2,103.1,45.9,48.6,11.4,32.9,134.3,128.1,111.3,80.2,53.2,65.5,77.4,63.6,66.7,65.6,68.5,46,119.1,143.5,218.8,65,50.5,4.8,51,36.8,68.9,73.5,120,35,148.4,181.1,232.8,58.9,37.1,64.2,18.4,53.3,52.7,44,190.7,107.6,121.4,43.7,131.7,74.6,118,63.2,126.9,38.2,42.3,9,74.8,123.2,123.6,81.3,81.4,128.8,122.9,84.5,50,38.7,48.3,85.9,160.2,178.7,156.1,64.7,121.4,77.5,149.2,31.1,7,84.7,72.2,106.4,165.8,47,200,99.6,96.7,14.9,157.3,64.8,43,77.1,39.7,134.2,77.6,150,205.4,177.4,69.8,73.3,74.4,7.9,22,74.6,112.3,129.6,129,137.3,142.9,185.3,89.2,90.4,150.2,13.8,125.9,78.1,82.6,16.4,246.8,164.9,148,30.2,118,96.4,153.2,32.6,81.9,68.5,15.7,125.8,160.9,152.6,183.5,153.6,205.4,47.5,99.5,37.4,107.5,57.6,28,34.1,153.2,236.2,19.1,148.1,192.7,87.2,53,19.4,17.4,36.5,12.4,29,129.7,201.6,191.5,132.7,53,31.3,81.3,61.5,56.1,69.5,165,185.7,288.2,54.8,115,178.2,151.4,8.8,163.2,55.7,165.6,40.7,87.6,121.2,30.9,161.7,205.1,246.5,64.5,81.3,118.5,54.9,58.7,117.4,53.4,106,113.5,150.9,81.4,119.7,160.7,111.9,146.1,68.1,61.6,12.6,144.5,138.4,115.8,143.9,84.3,95.6,174.4,170.7,198.7,52.5,25.1,76.4,22,133.9,82.7,130.6,42.3,83.1,252,245.9,181,74.3,61.7,103.9,52.5,78.1,65,207.2,59,152,149.4,63.4,98.1,129,9.1,96.2,86.5,48.8,120,102.5,185.2,136.4,124.8,173.7,145.8,73.5,84.4,29.1,72.9,171.5,161.8,78.5,183.3,94.8,277.5,21,109.4,118.6,96.5,42.6,62.9,61.8,73.9,72.3,100.8,217.7,193.7,79.4,217.9,91.1,12.7,89.8,68.7,124.2,55.2,71.7,141.7,277.8,181.5,182.7,104.2,36.4,63.1,26.2,106,22.1,128.3,279.5,70.2,41,66.9,88.7,60,83,50.1,34.2,59,41.9,49.8,194.4,148.6,82.2,39.1,250.2,83.8,48.3,73,66.7,48.3,31.3,114.3,79.9,74.9,146.5,133.9,158.2,82.2,88.7,51.1,89.2,123.4,106.5,74,239.8,157.5,121.3,199.1,101.5,107.2,66.5,80.9,97.1,71.4,45.4,143.7,59.6,184.2,297.1,155,151.1,82.5,55,33.8,58.9,43.2,105.7,161.3,176.1,112.5,178,67.5,81.8,60,55.4,20.9,49.5,92.5,79.5,63.8,141.7,78.4,52.2,168.9,210,105.8,68.8,95,111.2,76.4,100.8,56,175.9,132.4,44.3,107.1,46.4,59.1,45.2,112.3,72.3,45.6,23.9,69.7,23.8,132.9,132.9,154.4,72,71.9,87.7,39.7,99,41.6,202.6,130.1,182.6,63.2,155.4,204.4,76.5,77.6,98.5,105.4,65.9,26.6,64.7,103.9,175.2,84,68.1,94.6,54.2,126,69.3,109.3,48.9,55.9,72.3,119.4,121.5,269.7,298.9,216.5,122.8,114,31,80.6,94.6,76.3,108,59.6,70.1,99.5,142.1,259.9,133.8,145,55,21.2,90.8,115.7,151,101.1,221.5,79.1,119.3,137.4,23.3,97.6,55.4,106.9,37.9,120.5,173.4,69.1,99.8,250.7,65.1,52.1,76.7,75.2,80.9,17.2,29.7,131.7,71.3,132.8,121.8,112.8,45,101.7,166.8,81.3,53.9,145.7,87.7,80.4,126.1,153,188.3,180.1,234.3,140.4,62.9,43.8,59.4,62.5,132.4,124.4,129.1,111.3,131,135.3,184,132.5,60.9,32.4,81.7,94.4,35.4,74.5,52,78,195.7,85.9,235.9,166.8,179.7,121,76.1,87.2,50.9,49.4,94.4,15.1,162.1,79.2,175.7,215.6,106.2,145.4,56.4,140.6,71.2,137,82.7,29,65.8,278.4,274.9,191.6,173,72.4,79.8,72.7,57,95.7,74.5
Ross on Wye,-2.58441,51.91075,67,15.8,52.7,28.7,90.4,69.2,3.5,62.9,35,39.2,65.6,120.1,33.1,105.2,41.1,75,95.5,44.2,106.1,23.8,93.6,54,30.2,34.4,79.9,29.9,106.7,79.1,54.2,59,82.6,51.5,18.1,157,11.1,20,69.8,81.6,134.6,39.1,62.4,60.4,37.5,41.4,56.3,62.9,55.8,120.7,28.3,121.6,73.2,81.9,84.2,63.9,67.6,60.9,41.5,119.5,38.3,59.1,52.7,35.6,8.9,71,40,146.2,51.9,49.9,36.1,40,114.6,43.8,97.6,41.2,18.6,136.8,22,124.7,18.3,66,46.3,49.3,115.4,17.9,84.7,25.9,53.8,48.1,29,91.7,94.6,66.3,36.4,63.8,37.9,22.8,22.7,48.1,45.1,71.4,120.6,31.4,13.7,17.9,47.9,70.1,56.7,58.9,33.9,58.3,28.8,33.6,27.5,146.8,108.9,32.4,2.7,35.4,62.4,45.1,64.2,102.6,36.4,82.5,31.8,92.4,35,71.3,36.6,32.4,14.9,53.4,48.2,72.9,26.1,32.6,24.9,12.9,33.7,35.8,8.8,47.9,20.3,12.7,67.1,162.4,125.2,51.5,89.5,79.5,120,63.8,33,42.2,99.5,6.2,133.5,16.3,40.3,63.8,78.1,83.5,55,62.3,40.2,31.4,39.7,68.1,55.6,31.2,10.4,40.3,144,81,57.2,86.9,45.7,93.8,28.6,19.1,67.5,23.4,50.2,55.8,147.9,47.7,65,81.6,9.6,29.8,87.8,45.6,68.2,53.5,95.8,53.4,44.7,22,35.3,92.3,43.9,77.8,34.5,19.9,53.2,151.8,67.4,37.6,131.6,89.7,41.7,68.7,20.5,31.2,90,47.6,74.7,85.8,69.7,96,70,56.2,21.1,36,99.2,97.1,15,40.7,19.7,86.2,54.5,21.9,86.8,100.5,31.5,40.2,1.1,57.7,32.7,14.9,59.2,67.8,69.4,128.7,59.1,64.7,43.6,57.3,40.5,58.4,137.1,43.9,67.5,17.7,50.5,41.5,105.8,124.1,5.7,41,74.5,85.8,36.9,31.3,128.7,19,51.4,89.9,80.2,14.1,44.3,69.8,63,35.1,77.2,33.8,39.2,32.3,142.1,71.6,36.2,116.6,44.5,45.7,27.7,39.7,40.5,89.9,67.7,17.3,57.3,24.5,10.7,32.7,87.4,56.6,73.1,27.8,22.8,37.8,42.6,41.3,103.5,52.5,150.7,139.8,136.9,13.7,26.2,16.1,54,14.6,18.1,51.6,74.4,35.1,78,105.4,41.7,76.2,66.1,7.1,76.4,78.2,9.8,59.9,60.7,84.9,10.6,97,19.8,35.1,45.3,26.2,40.6,59.6,120.8,46.7,49.2,113.3,65.2,97.1,4.1,18.3,63.9,70.1,79.4,55,18,105.9,90.5,50.9,95.8,67.4,89.3,40.7,30.8,74.8,14.8,24.5,59.1,104.4,61.7,64.7,118,133,65.4,28.9,26,62.6,9.4,21.7,6.2,92.1,60.8,88.8,84.6,85.7,67,73.2,47.6,40.6,21.9,15.1,79.8,23.9,63.4,67.3,23.2,9,95,25.6,25.9,49.8,103.9,17.2,130,21.7,57.1,95.5,60.9,124.3,12.6,75.6,122,9.9,89.4,16.4,28.6,83,108.8,50.1,60.5,129.1,32.1,47.2,75.4,55.6,49.2,6.4,116.9,112.8,82.6,43,100.2,21.9,68.8,20.3,172,57.4,31.4,36.1,46.9,85.1,137.5,144.5,177,60.6,76.1,103.3,75.6,37.6,29.4,78.9,62.5,31.3,162.3,33.4,16.4,79.2,143.1,29.8,46.2,81.9,23,55.9,21.6,19.7,183.2,110.8,105.4,52.5,23.5,27.9,36.5,35.7,51.1,65.7,9.9,11.7,46.4,77.8,83.8,80,29.6,42.3,77.7,36.6,36,44.1,85.7,53.1,140.6,30.4,36.1,27.1,32.1,69,52.5,31,48,60.7,24.5,67.1,131.6,68.4,65.2,15,30.8,67.2,17.5,109.4,17.2,34.3,117,57.6,82.9,94.5,105.5,66.6,86.1,73.8,7,139.9,136.6,161.1,32.6,49.1,37.4,51.2,68,101.7,29.5,100.2,73.9,101.8,22,86.8,81.6,111.1,62.4,76.2,49,71.7,41.4,24.7,38.6,37.7,102.6,143.8,22,23.3,49.5,168.1,86,73.4,47.3,47.2,22.5,48.7,21.2,47.2,113.7,38.5,45.9,61.4,21.1,65.7,38.4,17,7,39,38.3,55,38.1,44.1,39.1,64.3,75.8,36.4,15.4,12.9,184.9,52.5,147.4,101.4,94,89.2,83.1,127.2,108.3,79.6,23.6,78.7,23.9,70.2,23.5,32.9,39,49.6,184,44.9,120.9,180.5,168.1,43.1,42.6,95.2,57.4,30.4,110,19.7,93.1,113,35.2,73,35.3,38.4,14.1,70.8,19.3,42.9,92.5,36.3,38,65.7,125.9,115.4,81.6,68,42.4,57.7,80.7,10.4,49.1
Shawbury,-2.66329,52.79433,72,23.7,51,39.3,75.1,72.2,10.4,72.6,46.3,49,67,119.2,44.8,120.5,16,84.8,124.6,38.7,83.8,30.8,77.9,57.7,95.2,70.6,83.6,28.8,95.8,68.5,99.8,26.2,66,40.5,17,139.5,42,42,30.5,89.9,106.5,43,62.7,56.3,21.5,32.2,48.3,82.5,83.9,118.2,45.6,82.7,76.8,41.4,47,46.4,61.9,46.4,46.8,172.7,17,36.9,111.4,24.1,11.3,91.9,49,60.1,53.8,55,55.5,18.7,38.2,50.1,86.9,38.3,47.8,133.5,30.6,71.9,24.4,50.5,66.6,34.3,77.5,18.6,104,18.6,59.1,70.2,31.9,67.9,40.5,57.5,49,58.4,63.9,103.1,36.6,34.4,56.1,42.2,72.8,20.6,34.1,16.3,64.4,66.2,28.6,113.9,74.5,57.7,64,40.8,34.7,69,55.9,38.5,11.5,28,39.2,68,48.3,96.5,60.5,67,30.1,57.5,18.1,43.4,53.2,40.5,15.9,50.2,45,35.6,16.6,38.4,40.2,37.6,42.3,49.8,11.2,66,18.9,33,10.7,174.7,90.9,41.7,47.1,81,111,34,54.5,38.2,96.3,8.5,54.8,27.2,33.4,76.4,59.5,66.7,41.5,34.5,34.7,50.2,60.3,77,49.1,39.5,16,43.2,98.9,45.1,35.6,84.5,60.4,94.1,74.5,10.4,79.8,26.3,50.7,60.6,129.7,53.5,102.7,72.9,6.6,34.3,112.9,43.5,75,73.2,73.6,53.4,52.6,47.9,47.3,95.9,28.1,71.5,29,32.2,40.4,115.2,70.6,33.2,64,64.9,15.1,69.1,31.1,35.7,95.5,55.9,56.8,85.5,66,75.3,69.4,59.7,14.8,41.8,86.7,77.3,7.5,22,28.5,75.1,34.9,38.1,68.5,69.2,34.4,34.6,6.7,44.4,47.4,21.1,59,92.4,54,135.2,54.6,32.4,38.8,72.2,61.2,63.7,93,36,73.9,14,37.7,70.3,71.6,81.9,3.9,48.7,64.9,37.9,34.3,41,93.2,2.3,51.6,91.7,88.6,14,38.3,63.4,53.1,43.6,86.7,56.3,72.2,40.4,113,65.5,34.1,110,44.1,80.2,32.3,59.1,46.3,102.1,67.2,30.6,48.5,38.8,22.2,22.2,48.3,47.8,79.6,26.4,43.1,27.5,39.7,26.1,63.9,48,116.2,107,76.5,13.3,24.1,21.7,47.8,26.6,34.9,54.4,58.6,54.1,83.8,59.3,31.9,57.3,53.8,12.1,64.4,71.6,24,25.4,49.3,52.5,16.1,50.8,20.8,52.7,43,82.6,56.4,77.5,107.9,76.5,63.1,98.2,38.6,59.9,9.5,13.4,46.1,99.6,63.5,56.5,51.9,77.7,67.2,57.6,122.4,63.2,55.1,55.1,47.8,43.1,20.2,46.3,41,102.6,49.5,58.7,95.9,104.9,91.9,44.3,18.5,56.3,13.2,33.8,7.8,83.8,31.7,32.3,83.4,32.1,57.3,46.7,59.5,49.6,29.5,23.6,47.2,13.7,69.8,65.8,43.5,10.4,43,24.2,21.9,87,96.9,40.6,91,21,58.8,68.3,61.1,81.4,16.4,64.4,87.8,12.8,72.6,35.3,40.4,77.3,106.8,41.2,45.8,90.7,39.6,47.2,39.8,54.1,64.7,14,128.1,125.3,80.8,34.2,79.8,23,55.1,15.8,114.7,43.6,45.5,72.6,91.1,101.7,114.1,111.6,77.1,34.1,52.4,49.8,78.1,68.7,25.6,38.7,81.6,46.4,92.5,28.2,24.6,37,63,28.6,34.2,49.2,54.2,59,58.6,25,104.6,83.4,84.2,46.8,30.1,25.6,39.6,73.6,41,100,27.4,33.2,57.8,35.4,72,82,37,32.6,65.4,30.4,46.2,43.6,112.8,51.4,94.1,39,35.4,26.6,30.4,57.4,71.6,40.8,72,60.2,39.2,61.8,87.2,84.6,33.6,10.4,32.3,59.5,45,92.8,17.2,17.4,58.8,52.8,77.8,53,82,79,71.3,42.4,13.2,118,146.4,138.8,25.2,30,18.7,48.6,65.6,84.6,22.2,57.8,60.6,32.8,34.6,81.4,107,90.6,86.6,62.6,53.6,46,23.8,19,43.4,40.8,67.8,110.8,26.8,25.2,58,104.2,52,57.4,25.8,35.2,19.6,37,38.6,74.6,48.2,59,67.8,34.6,28.9,49.2,47,14.6,4.8,45,57.2,47.8,27.4,18.6,31.8,34,77.8,43.6,19.2,16.6,112.4,50.8,82.6,128.2,86.2,116.2,69.6,86.8,133,73.1,51.6,64.1,10.8,84,28.4,59.2,66.2,33.4,96.6,66,54.8,105.8,76.6,41.4,37,81.4,51.2,32.8,89.2,17,69,76.8,72.8,60.3,25.4,49.2,12.8,66.4,40.4,58.4,77,52.2,35.6,87.2,84.6,102.6,51.6,65.8,74.8,47.2,117.8,39.2,44
Sheffield,-1.48986,53.38101,131,20.8,41.8,40.8,93.7,90.1,22.4,74,50,68.2,91.8,58.9,49.2,167.4,27.5,147.5,191.5,41.5,154.2,46.9,140.6,58.8,61.3,44.5,92.9,55.7,101.4,93.9,77.3,49.7,70.9,57.8,32.7,172.6,13.7,40.9,70.3,62.5,115.5,71.4,44.7,67.4,42.8,61.3,54.2,82.8,54.9,112.5,41.8,155.2,63.5,87.3,52.9,85,101,119.9,76.1,99.1,62.5,52.6,48.5,38.9,24.7,163.7,72.7,94.7,104,55.4,106.6,16.9,24.2,39.2,72.9,42.8,47.9,141.4,40.6,69.3,26.7,47.2,84.1,63.5,69.4,86.3,102.2,31.2,92.8,62.6,35.1,92.7,65.9,106.2,56.9,56.6,83.1,55.7,61.2,50.6,14.5,84.9,80.3,39.8,65,15.1,77.5,59.5,44,200.6,58,58.1,63.3,28.8,51.6,79.3,67.3,39.8,12.3,39.5,48.5,67.6,81,90.8,55.9,121.1,71.1,73.2,15.8,58.8,46.9,86.2,11.9,81.9,51.2,34.6,27.2,28.6,43,93.8,33.7,29.5,16.2,79.9,16.6,16.9,17.3,134.9,127.7,32.4,75.3,113.8,201.4,59.7,45,43.5,66.4,9.5,69.2,35.2,45.4,112,82.5,99.4,55.4,73.2,47.3,34.7,90,58.8,48.5,48.8,9.9,50,207.9,82.3,78.6,148,83.1,115.5,34.9,13,79,25,66.4,96.9,137.7,70.9,117.1,100.1,10.6,20.5,132.8,66.9,79,33.2,113.2,81.8,51.7,56.4,89.4,149.9,110.5,65.3,33.4,18.8,57.2,107.8,87.9,70.4,93.6,39.9,20.4,100.1,17.3,23.6,225,14.7,83.5,56.4,54.7,117.5,78.7,98.7,39.9,65.7,121.2,127,7.6,44.4,31.3,120.1,66.9,41.2,142.2,160.2,79.7,52.3,10,55.4,40.9,13.3,81.9,117.6,82.7,124.9,47.6,73,4.6,48.8,69.5,63.4,76.5,46.4,87.9,14.2,33.6,78.2,78,174.1,37.2,67.4,111,94.7,48,25.3,109.9,9.5,85.7,93,142.3,52.9,35.1,89.2,64.6,32.6,140,51.4,45.1,67.2,119.5,53.5,38.2,173.9,81,97.3,44.1,50.4,55.9,106.7,78.6,51.7,88.9,50.5,36,20.6,75.3,77.7,115.5,26,54.1,41.4,36.2,23.3,65.3,42.6,159.1,128.7,115.2,21.6,25.9,18.9,46.4,21.5,40.8,30.4,129.7,47.9,136,86.8,68.5,58.7,67.2,14.4,68.6,51.2,8.5,37,54.3,73.1,78.4,43.6,25.9,73.6,41.8,57.6,52.2,77.7,117.7,71.9,66,129.1,67.4,88.1,10.7,16.7,91.8,70.7,108.3,85.3,29.7,121.4,62.8,56.9,171.4,124.4,75.7,78.1,55.3,65.6,14.6,33.1,45,148.2,57.9,103.3,103.9,157.7,99.2,63.9,24.6,48.1,11.3,22.5,12.1,75.6,21.9,60.5,70.4,57,75.1,52.9,37.7,39.1,29.8,24.5,101.1,27.1,70.6,134.3,98.2,8.5,106.5,22,28.2,77.5,130.9,56.7,108.6,17.5,55.8,93.1,79.4,88.5,9.3,93.5,117.9,26.6,152.4,36.5,46.2,49.2,197.9,49.5,57.9,90.8,44.7,82.8,91.6,51,61,30.1,75.4,113.7,55.3,48.2,135.6,49.8,72,43.3,153.3,63.9,46.6,68.5,46.3,117.8,139.5,167.9,118,42.1,79.4,56.2,80.1,58,43.9,57.5,111.9,67.3,113,27,28,55.9,173.9,34.7,40.7,60.9,30.9,133.8,83.4,49.7,145.3,111.1,129.8,60.7,30.8,38.4,44.6,42.6,111.1,44.9,14,22.7,48.2,55.4,81.8,106.5,50.8,41.3,107,49,68.5,45.8,181,34.6,88.2,36.2,46.3,48,64.6,31.7,82.6,17.5,42.2,84,39.9,89.2,113.1,57.4,56.7,18.6,48.5,100.2,49.4,85,9.8,40.9,90.5,62.4,99.1,66.8,114,146.9,57.5,44.5,5.8,83.8,285.6,113,27.1,28.1,23.3,58.3,74.9,154,48.7,98.8,79.2,43.5,56.7,108.7,82.6,92.4,93.2,60,52.8,47,39.6,44.2,51,81.7,168.2,113.4,46.4,26.8,50,161.6,66.1,48.6,53.6,56.4,24.8,21.2,41.2,68.3,39.6,67.8,65.4,112.7,18.8,49.6,104.2,12.4,11.2,40.2,47.8,18,42,27.8,57.2,37.4,124.6,87.6,26.2,32.6,180.6,48,166.6,107.2,99.2,90.6,61.2,110.6,136,70.4,63.4,63.4,9.2,84.2,37.8,56.6,33.4,47.2,136.2,56.6,69.8,124.2,106.2,48.6,60.4,123.8,45.4,20,67.4,9.6,60.8,95.8,102,84.2,35.4,71.4,21.4,83.6,43.2,30,66.2,29.2,80.4,126.8,121.2,84.8,68.6,87.2,65.8,58.2,130.4,30,62
Stornoway,-6.31772,58.21382,15,174.9,97.4,119.7,143.9,130.4,36,74.6,88.9,71.4,85.2,29.3,110.9,123.5,122.2,93.3,145.7,56.9,68.3,147.9,37.2,83,92.2,68,40.8,85.8,99.7,131.7,186.1,92.4,107.5,201.8,68.5,58.1,82.4,63.6,62.5,113.2,220.3,119.8,127.8,118.7,58.2,100.7,36.7,42.1,65.8,43,30.7,34.1,159.1,38.2,72.7,89.8,85.5,18.6,75.9,73.4,54.5,64.8,52.1,178.1,130.7,130.1,80.5,58.9,122.5,114.5,80.5,57.3,42.3,83.5,69.8,101.1,213.3,142.7,63.9,106.7,98.2,92.8,66.8,78.7,49.2,50.7,65.4,96,128.4,130.1,163.3,72.5,43.8,46.4,85.5,68.3,78.8,46.5,69,40.6,77.5,148.6,130.2,83,152.2,77.3,71.2,79.2,89.8,70.8,93.7,103.5,63.8,154.2,147.4,185.5,138.1,31.6,1.4,60.4,66.7,93.3,70,87,110.2,153,211,193.9,24.7,57.5,104.3,20.3,56.7,74.7,42.6,131.9,68.5,129,116.4,165,77,101.7,78,73.3,101.4,88.2,15.7,69,117.9,125.7,80.8,117.2,76,78.2,112.6,64.6,56.5,50.7,56.5,119.4,143.1,199.4,28.9,118,73.5,141.6,37.3,19.3,52.4,52.1,64.9,170.1,164.9,189.9,70.8,122,33.4,139.8,51.8,56.6,62.2,77.7,95.6,124.9,103.9,170.7,171.9,99.5,44.3,58.6,20.2,26.8,66.8,115.7,59.5,177.8,193.6,210.2,149.8,134.6,87.3,96,36.1,24.2,90.7,64.8,99.8,206.3,198.9,227.8,80.4,115.7,115.3,142.1,44.6,91.7,14.6,37.4,203.3,160.9,129.4,193.9,164.1,220.1,58.9,137.7,37.5,49.4,36.3,46.6,53.5,147.8,219.3,55.9,196.2,153.8,62.9,81,69.7,20.4,44.3,75,32.3,118.7,167.1,139.7,107.4,80,42.2,94.5,111.5,53.5,62,80.9,153.8,100.1,100.9,139.7,222.1,137.4,16,152.8,69.1,145.2,44.9,58.3,88.9,54.6,133.5,216.3,186,54.6,65.9,146.5,43.6,64.6,56.6,60.4,70.2,144.7,130.3,87.9,125.6,141.1,119.9,146.8,75.9,43.3,26.4,164.5,108.2,129,136.3,93.2,110.6,228.1,181.1,162.5,51.1,48.3,74.5,65.4,173.5,93.6,231,57.7,111.9,202,264.1,206.1,106.4,56.7,77.6,112.8,84.9,121.4,93.5,82.3,135.7,107.1,52.9,71,82.2,34.3,69.6,52.1,83.2,104.2,116.3,214.9,85,72.7,145.7,158.2,94.1,50.2,33.5,127.8,191.2,149.1,130.7,170.7,123.3,274.7,57.1,79.7,79.9,52.8,89.3,81.1,44.9,37.9,78.7,63.2,178.8,154.3,57.4,163.7,103.8,36.2,112.1,49.5,104.8,130.6,64.3,121.4,189.7,212.3,155.1,134.6,65.4,60,26.8,57,32.2,131.2,191.1,121.7,45.4,69.5,74.1,45.1,86.3,68.1,57.9,80.1,70.6,74.4,211.6,201.1,60.7,56.8,277.4,119.5,73,85.2,56.5,51.5,38.6,105.2,55.5,98.1,153.5,181.5,209.7,143.5,62.7,30.6,73.1,94.9,53.4,54.6,152.3,158.3,165.8,206.3,129.4,153.7,107.4,103.8,104.6,70.5,54.5,118.7,132.3,151.8,214,195.1,202.3,120.7,81.5,53.5,80.6,22.7,74.7,97.3,190.3,110.8,148.1,60.5,64.8,54,56.9,33.3,55.3,70.7,75.5,98.6,179.4,114.7,114.4,197.6,159.4,97.6,74.2,60,103.8,100.2,44,38,91.4,95.4,29.8,154.2,54.4,76,32.2,108.9,66.2,56.9,49,111.1,76.2,103.2,135.6,149.2,108.2,66,77.6,40.4,71,59.4,96.8,131,143.6,117.8,136.4,160.2,84.8,99,113.3,58.2,92.8,56.6,124.3,164.8,117,128.8,74,98.8,60.8,109.2,121.6,96.8,57.4,58.4,59.6,87.2,168.6,134.2,204.3,215,99.4,116.8,53.8,143.2,35.2,85.6,133.6,107.8,91.8,110.6,127,156.4,118.8,125.4,63,12.8,88.4,61.8,106.6,62,190.8,146.6,96.6,168.4,72.6,137,71,100,36.4,134.2,122.8,88.4,137.6,173.4,116.2,89.4,56.8,61,69,68,28.2,108.4,57.6,129,121.6,91.2,43.4,108.8,81,93,51,153.2,53.4,44.6,77.6,143.4,148.8,139.8,195,145.2,69.6,54.4,85.4,43.4,37.8,56,92.8,131.4,99.4,129.8,158.6,108.8,70.4,36.6,97.2,97,35.6,44,104.6,81.1,140.2,124.4,248.8,138.8,147.6,105.2,86.4,62.8,49.4,65.6,141.4,48.2,198,90.4,168.2,198.6,115.2,166.8,65,121.4,99.2,110.4,89,36.8,71.4,155.8,268.4,142.8,146.2,86,55,63.2,82.6,142.6,92.2
Sutton Bonington,-1.25,52.8331,48,8.4,26.2,24.1,57,70.2,13.8,60.2,39.5,37.2,60.6,66.8,42.7,127.2,10.9,67.1,111.4,44.6,81.3,25.4,100.4,36.6,58.2,62.2,94.9,28.1,93.7,47.4,71.5,20.8,54.9,33.5,32,110.3,17.3,39.9,39.3,46.8,136,41.3,35,46.9,30.1,21.2,49.3,65.9,48.7,113.7,77.7,81.9,40,68.9,28.8,58.3,55,55.8,48.6,147.1,27.2,85.3,101,16.3,8.4,71.1,51.5,51.7,48.3,45.3,54.2,29.4,14.4,36.2,60.7,25.5,30.2,110.1,29.6,77.2,15.6,38.8,62,31.2,75.6,51.3,82.2,21.1,37.5,53.9,32,51.6,49.6,61.4,31.4,34.5,61.8,35,26.1,68.4,31.2,47.3,69.9,30.9,28.8,18.4,46.9,81,109.5,111.5,21.9,64.2,38.1,33,39.3,56.5,59.3,22,10.2,27.2,69.8,67.6,90.2,65.7,65.8,66.3,33,64.8,19.4,63.3,47.7,29.8,18.6,48.8,27.9,43.6,31.7,42.7,43.4,31.1,15.1,21.5,10.1,41.5,9.6,31.2,7,92.1,87.2,36.8,69.4,67.1,176.5,42.3,37,44.6,79.6,15.4,72,22.9,29,81.9,59.5,75.5,39.5,36.1,24.7,39.4,76.6,55.3,60.2,26.9,7.8,29.5,142.9,41.9,53.5,70.7,66.2,95.1,15.5,13.1,62,29.3,51.6,50.4,77,67.6,78.3,50.8,17.8,31.2,95.4,49.4,84.7,37.1,83.3,51.4,26.4,29.6,44.1,76.3,62.5,50.2,23.2,28.9,56,92,66.6,26.2,44.5,32.5,27,72.1,28.5,20.1,141.7,4.2,136,67.3,49.1,55.1,46.1,58.7,27,32.9,87.7,78.6,8.4,28.6,11.5,84,40.5,37.8,52.1,83.9,45.4,58.3,7.4,59.9,73.4,24,61.6,72.9,42.5,91.6,27.3,40.6,20,32.5,41.6,72,107.2,44,53.2,15.9,28,58.5,81,60.2,18.9,43.7,59,65.6,28.8,40.4,94.7,8.6,43.7,61.4,89.3,14.3,40.1,62.1,58,30.8,98.5,33.3,59.3,52.5,102.2,43,32.3,90.6,38.3,78,30.9,36.2,65,120.4,36.1,26.4,54.9,29.8,19.8,28.2,47.2,45.6,104.9,16.9,52.5,35.1,46.5,32.5,54,38.4,112.4,64.9,83.8,18.7,18.9,10.6,52.1,26.4,38.6,31.9,62.7,44.1,67.9,47.6,26.7,36.6,55.8,11.1,60.7,54.4,19.2,47.1,35.4,48.4,28.7,59.9,20.4,52.7,27.9,37.9,60.9,86.8,63.9,77.9,68.2,78,39,52.7,6.5,9.6,65.7,45.5,59.2,80.7,46,89.2,87.3,57.1,93.7,76.1,47.3,64.3,32.3,53.7,8.2,28.4,35.8,104.8,41.7,66.9,94,104.5,55,34.6,13.2,23.4,11.7,10.7,5.7,83.1,21.3,52.5,72.7,26.4,45.7,24.8,31.9,20.3,31.2,30.1,58.1,7.1,46.1,76.9,48,18.7,50.2,14.1,21.1,45.7,114.3,43.2,47.7,11.5,39.4,71.3,44.3,91,8.8,67.9,104.8,19.2,126.8,17.7,45.8,65.5,106.3,30.3,63.1,85.2,39.2,86.3,68.9,52.3,69.4,28.2,65.3,65.1,72.6,29.2,58.4,13.4,54.8,22.8,86.8,67.4,20,68.6,14,68.8,94.6,99.8,72.2,31.8,54,55.4,71,64.8,31.2,100.3,49.6,56.6,100.2,33.4,26.4,51,66.8,29.2,38.6,58.8,32.8,156,32.6,35.3,74.6,90.4,97,43.8,20.2,21.8,22.2,47,96,38.6,7,22.4,42.8,47.6,74,70.6,32.8,38.8,84,48.2,47.8,61.5,161.6,41,117.2,34,22,32.4,42.6,34.8,53.8,29.4,60.6,51,89.7,56.3,84.6,43.7,37.5,15.2,31.2,39,46.8,85,13.7,41.8,92.6,64.2,64.4,53.4,65,52.6,69,41.4,6.6,108.8,142,124.2,47.8,30.2,21.8,58.6,58.2,96.6,27,55.3,44.7,46,38.6,70.4,62.8,71.6,59.6,58.6,42,54.6,33.8,32.2,29.4,34.4,61.4,100.8,56.6,17,41.4,76,50.6,37.4,41.6,35.8,26.4,15,69.2,42.8,91,38.8,49,45.6,18.3,27.4,47.3,4.6,19.8,38.6,35,19,40,23.6,42.6,43.6,60.4,54.2,13.4,23,116.4,27,134.9,108.2,48.1,54.4,55.6,89.8,106.8,36,27.2,46.6,8,72,48.8,80.2,29.6,25,98.2,33.6,49.2,101.2,44.2,28,25.6,84.4,29.4,43,77.7,7.6,65.8,70.2,53.4,40.4,32.8,39,24.2,68,52.4,68.8,51.4,23.4,52.4,61,69,53.6,61.4,64,51.4,58.6,149,37.6,39
Tiree,-6.8796,56.49999,12,156.9,136.5,122.3,142.2,136.2,20.3,89.7,92.3,45.3,111.3,107.8,107,71.6,164.2,44.4,136.5,59.4,91.5,93.1,48.5,84.8,62.1,65.8,32.8,112.6,71.9,106.7,166.2,103.9,87.8,145.3,65.6,71.2,68.3,96.2,52.9,154.4,198.9,120.2,103.5,115.1,47.3,101.2,33.1,56.8,44.7,28.3,54.2,128.1,151.4,60.5,80.6,114.1,44.8,5.4,37.4,48.7,63.7,71.7,53.8,110.6,179.7,142.7,121.4,67.9,98.8,52.4,61.4,68.6,36.4,136.1,67.8,174.4,126.1,164.4,73.1,87,83.1,61.6,90.6,48,49.4,56.8,93.8,92.9,150.4,105.7,75.3,100.4,83.3,75.5,132.9,94.6,89.9,78.2,65.9,43.2,86,110.4,109.6,130.8,83,58.5,33.6,68.4,79.3,65.6,94.2,111.1,65.9,99.4,159.2,229.8,115.5,60.8,7.6,44.5,73.3,71.9,103.1,137.4,62.7,137.3,179.3,229.5,37.6,54.4,90.2,15.2,43.5,99.6,56.3,164.1,99.6,152,65.9,136.3,72.4,98.3,51.2,84.3,102.9,50.5,11.3,48.7,217.6,159.6,85.4,89.4,79.6,113.4,60.8,27.9,27.2,52.5,71.3,120,152.3,123.5,72.9,168.8,44.3,162.6,14.8,24.2,38.5,53,61,158,83.4,182.8,112.6,135.4,40,109.2,61.3,71.1,41.9,122.1,99.9,137.7,121.9,215.3,139.5,110,95.3,76.5,19.8,17.7,88.2,93.7,94.6,227.5,160.2,147.3,155.5,126,62.7,84.4,16.4,78,59.2,90.2,90.2,162.8,156,169.4,97,162.7,136.7,133.6,33,82.1,48.9,24.4,103.6,196.7,129.7,178.3,140,146.1,31.8,114.1,40.4,40.8,66.1,36.9,70.3,105.9,215.5,44.2,163.4,207.8,84.7,57.8,64.1,16.3,50.1,37.7,57.5,149.5,238.2,144,148.9,65.9,36.4,61.4,97.9,48.4,24.4,193.1,230.3,169.5,74.2,104.2,172.8,153.6,6.4,130.1,70.1,174.3,33.1,65.9,70.8,46.6,137.6,196.4,228.9,62.4,81.5,181.4,35.7,67,48.2,107.1,115.5,119.4,165.1,101.6,121.5,149.9,121.2,145.1,30.3,42.4,56.1,155.2,183.1,141.8,135.3,102,100.9,153.6,183.6,172.3,78.2,30.2,57.2,42.7,219.1,94.6,215,67.6,68.6,168.2,246.3,155.8,115.6,33.7,102.4,70.6,109.6,135,170.5,77.8,133.6,115.9,87.2,119.7,114.6,37.2,82.5,83.7,70.4,109.5,144.9,200.2,115.9,84.9,151.1,150.5,122.1,48.2,32.7,90.5,185.8,145.8,107.2,210,114.7,258.7,65.9,85.5,154.9,51.6,92.3,87.1,65,63.4,45.2,96.1,208.8,179.7,70.7,142.7,107.4,40.6,112.4,83.3,72.5,98.4,104.8,133.3,205,182.8,144.6,154.3,41.1,64.9,28.2,90.4,33.8,86.3,195,103.3,44.1,88.7,129.3,50.4,100.3,57.6,73.4,75.5,129.1,56,247,183.9,68.3,44.4,201.9,88.9,54.9,52.5,22.9,74.8,97.4,106.1,80.9,113.7,166.4,207.5,124.1,91.2,43.8,38.3,71,114.2,138.8,35.1,187.7,137.9,156.6,173.5,89,94,79,50.1,88,68,78.4,157.2,103.6,172.7,259.6,124.8,158,77,50.8,43.4,62.2,20.4,87.6,137.2,226.4,128,165.6,109.6,60.5,30.2,31.6,22.6,61.8,63,95.6,88.2,183.8,145.2,89.6,155,187.2,82,100.4,91.8,135.8,100.2,36,80,118.8,136.8,52,100.8,55.6,78,52,85.6,69,75,33.6,92.2,58,183.6,123.6,140.6,54,86.2,79.6,34.6,68.2,75.2,122.2,192.8,143.3,93.6,145.8,148.3,71,83.6,109.2,86,85.8,39.2,119,140,126,109.8,111.4,76.6,59,114.4,81.2,98.8,69,82.2,65.6,123.2,184.6,136.4,178,144.3,106,76.6,46.8,69.8,63.6,57.4,114,66.4,117.6,98,100.4,161.7,109.9,126.2,64.4,33.8,109.4,82.8,107.6,79.4,179.6,117.2,123.6,151.8,47.6,88.3,111.4,94,46.8,101.2,206.4,72.4,164.2,239.8,97.6,72.8,74.2,53.9,57,51.8,30.4,129,98.6,108.2,123.6,140.4,49,100,124,63.8,80.2,158.2,84.4,50.8,123.2,165,176.4,121.6,262.2,137.8,133.2,43.4,51.4,56.6,82.2,82.8,62.8,98,102.8,163,177.8,140.4,72,25,97.4,92.4,58.6,48,102.6,109.7,118,126.8,219.4,187.4,206,100.6,48,110,47.4,118.2,100.6,27,250.4,128.4,186.8,177.6,96.4,140.6,60.6,123.4,68.8,165.8,74.7,40.9,73.8,189.6,268.6,186.2,153.6,92.4,77.4,60.2,54.8,144.8,124.4
Valley,-4.53524,53.25238,10,51.2,87.5,73.6,178.6,119,10,51.9,45.8,57.2,111.1,77.5,80.5,110.4,70.2,103.7,168.7,51.6,109.2,50.6,93.5,54.5,81.1,47.3,88.4,76.3,98,56.7,113.3,52.8,73.4,29.8,46.7,122.5,38.2,99.9,47.4,118.5,171.8,79.8,81.3,89.3,43.9,53.4,62.7,55.9,46.9,86.7,58.3,102.1,98.2,67.1,50.2,116.3,72.2,28,66.6,84.8,58.2,13,64.2,28.6,19.1,186.4,119.1,73.2,59.4,69.6,98,10.4,42.6,77.2,82.8,48.2,90.2,179,48.5,61,46.6,91.7,41.1,27.6,67.7,44.7,58.2,35.1,49.9,101.7,25.7,88.9,51.4,65.6,84.4,37.8,98.8,70.7,29.1,26.3,39.4,127.1,85.1,47.2,28,33.6,48.9,87.7,13.8,80.6,92.3,126.7,57.1,96.1,77.6,143.6,89.9,35.2,7.7,64.3,23.1,84,40.1,160,85.9,82.7,52.1,127.5,21.2,48.2,76.2,24.5,11.1,48.1,77.9,75.6,58,94.9,54.4,52.3,40.3,40.2,37.1,44.5,16,29.6,10.7,140.4,129.2,94.3,57.1,85.5,161.2,56.7,58.4,25.6,73.7,20.9,55.3,46.6,122.2,110,104.7,84.5,75.5,62.7,37.1,17.3,47.1,69.9,70.2,50.6,37.4,71.8,131.3,99.8,42.5,100.6,47,85.1,13.1,17.7,90.8,52.9,101.6,126.8,155.5,116,111.7,89.3,7,29.8,67.3,29.9,99.1,71.4,109.3,95.3,77.6,51.6,31.1,151.9,65.9,55,51.4,40.6,26,101.6,172.2,76.8,77.6,41.6,54,71.4,22.2,35.9,56.9,30.6,66.9,102.8,99.8,169.2,84.5,81,41,84.3,61.9,77.5,26.2,9.3,78.7,113.5,64.7,26.9,140.2,116.5,47.7,40.8,13.8,29.7,41.2,31,68.9,142.8,110.7,145.4,108,57.1,55.2,44.7,73.3,60.8,67.8,68.4,141,43.7,39.5,107.6,110.9,95.7,6.9,96,63.6,47.9,53.9,78.8,93.6,3.4,77.3,118.1,166,23.7,52.4,94.4,37.1,15,79.7,57.4,105.6,65.4,192.5,73.2,67.8,148.7,40.6,101,40.8,37.9,28.3,109.6,72.9,43,82.3,54.6,73.7,53.4,79.4,82.7,63.9,14.3,58.7,29.7,80.8,11.6,94.9,80,103.9,119.7,105.2,12.6,26.2,27,39.8,44.1,46.8,47.5,94.4,89,126.5,57.9,42.5,81,78.2,12.9,49,24.8,32.6,34.7,100.6,81.6,27.1,41.5,55.3,78.2,59.2,78.9,50.4,65.1,100.9,68.6,74.4,112.5,87.4,73.4,28.3,32,66.4,127.1,80.2,45.8,44.3,82.1,32.1,84.2,109.4,73.7,86.3,112.8,94.9,35.2,22.8,46.1,80.4,82,64.3,83.5,126.1,135.8,97,48.8,20.6,42,17.8,45.1,11.1,64.8,88.9,66.7,70.5,45.9,69.5,51.1,53.5,49.6,29.9,35.7,73.8,27.6,94.6,122.9,29.4,7.1,73.8,18.4,32.5,64.2,101.5,71.5,54.6,36.4,40.7,109.7,102.2,95,29.6,96.1,89.8,16,135.3,39.1,50.8,44.5,120.8,128.3,90.2,139.2,47.3,49.8,70,43.4,81,16.8,86.1,148.2,59,67.2,97.6,84.2,98.2,35,67.6,46,24.4,74,85.8,137.6,209,220,127,51.6,92,45.4,81.8,44.4,30.7,58.2,98.5,71.6,71.6,46.6,45.4,70.8,106,29.8,66.8,69.4,53.4,60.4,85,21,161.4,171,82.6,62.8,37.4,41.6,55,89,58.6,39.4,17.8,109.6,68.4,91.8,91.2,91,60.8,39.2,29.6,35.8,50.2,41.4,87.6,84.6,141,72.2,70.4,39.2,44,42.8,101,33,18.8,45.8,35.6,53.4,189.8,116.7,56.2,60.8,44.4,90.8,53.8,109.6,27.6,10.8,88,77.2,123.4,127.6,140,88.8,39.6,41,13.8,44.2,78.4,101.9,59.4,84.6,35.4,89.8,96.8,123,33.6,68,83.4,27.6,117.1,70.4,84.4,118.4,164.6,81.2,68,80.2,8.4,26,52,43.4,44.8,104.3,108.2,28.8,82.4,205.6,87.2,55,36.4,77.2,17.2,38.2,29.8,126.6,32.2,94,90,86,53.6,52.6,84.6,29.6,32.2,77.8,48.8,48.6,67.6,91,76.6,61.8,89.4,60.6,37.4,19,65.4,47.8,107.4,70.6,110.7,112,113.6,149.2,128,62.3,60.4,89.4,32.8,40,32.2,42,68.1,76.2,173.8,35.8,131,159.2,102.6,54,36,92.8,46.8,48.2,109.4,8,158.6,59,68.4,76.6,34,59,36,111,28.2,66.4,68.8,45.2,60.2,134.4,254.2,110.4,81.2,56.6,81,46.8,72,71.6,61.8
Waddington,-0.52173,53.17509,68,8,21.5,32.9,26.8,35.6,16.8,45.1,51.2,50,54.2,94.6,49.7,136,10.9,83.7,140,36.7,92.7,16.7,72,37.1,65.3,79.5,46.9,29.3,74,47.6,50.1,20.9,43.8,28.5,41.4,113.3,50.7,27.7,46.1,32.8,100.5,69.9,44.1,39.5,16.6,16.6,49.1,47.9,48.4,114.8,65.7,84.1,51.8,81.6,30.2,58.6,46.9,66.2,75.5,82.4,56.3,86.8,35.1,20.4,17.2,117.1,61.9,49.9,49.8,51.6,78.3,6,18.6,45.9,80.3,23.8,31.7,119.8,25.6,66.6,13.6,42.3,40.1,39.9,46.4,23.1,103.4,19.5,26,55.1,25.2,48.7,25.2,79.3,37.7,62.4,59.2,58.6,17.8,54.4,16.3,47.4,55.6,22.2,16.9,12.1,48.7,52.1,95.8,115.9,31.8,43.5,35.3,28.9,39.8,47.4,44.4,33.7,7,24.1,53.7,100.3,80.8,57.2,103.4,62.7,33.8,51.9,21.6,84.3,66.6,45.8,9.9,22.7,21.2,34,18.3,42.8,51.5,45.2,18.1,22.4,17.7,53.7,6.2,17.4,18.9,115.2,131.6,34.6,64.7,70.4,132.4,34.1,41.6,37.5,57.2,15.1,70.3,13.3,19.2,63.3,51.5,77.4,50.4,44.7,30.9,48,83,59.6,67.4,32,8.3,19.3,163,48.7,56,68.8,42.8,102.1,16.5,24.1,83.3,33.4,67.1,39.1,91,73.2,75.2,90,14.1,23.9,108.8,35.7,117.3,30.3,94.2,62.3,17.8,32.4,47,108.8,80.6,70.1,23.6,34.2,68.5,86.2,55.6,23.6,49.8,35.8,19.7,67.5,7.2,24.4,146.6,21.5,77.9,47.5,59.6,48.4,46.1,43.4,42.6,38.1,90.7,107.8,15,42.1,42.4,63.5,31.9,42.7,39.7,90.5,40.7,52,14.8,70.4,27.4,16.7,90.2,81.2,35.5,94.6,47,55.8,3.1,48.2,43.8,70.7,103.6,41.7,54.1,17.9,20.8,73.2,77.6,52.6,24,47.2,64.4,82.6,37,42.9,85.6,17,40.1,56.9,74.2,32.8,43.7,65.6,50.4,50.8,104.4,61.9,77.1,43.7,96.2,36.8,30.9,98.8,30.5,70.9,24.6,49.6,38.2,132.7,47.7,20.7,33.6,41.1,24.4,21,26.2,43.8,82,8.4,74.8,31.1,34.1,31,60.5,37,88.1,48.9,65.9,13.5,18.4,16,61.4,24.3,49.9,36,55.4,35,36.2,37.7,63,27.4,37.1,11.2,42.8,14.2,10.5,73,28.5,43.2,23,61.5,21.3,58.4,25.1,34.4,24.9,108.8,70.7,65.7,70,59.7,36.7,45.4,12.1,13.1,69.9,43.2,58.2,53.8,45.8,101.9,76.2,60.7,74.5,70,46.2,42.2,35.7,45.1,6.6,54.2,57.6,100.7,49.4,43.9,63.5,81.8,53.4,31.5,11.7,43.6,17.8,12.1,5.9,57.8,16.3,51.9,57.4,34.5,44.1,15.6,23.6,32,20,15.5,45.9,9.5,46,87.6,73.6,12.3,26.7,13.9,23.6,49.3,136.3,62.4,95.8,25.6,47.3,59.6,51.9,74.2,9.3,56.8,81.3,17.2,96.2,15.1,42.2,58.4,81.6,42.4,55.4,78.7,17,80.6,74.4,24.8,58.1,37.7,75,52.3,94.1,38.5,44.3,13,43.6,14.3,124.2,90,30.7,39.9,39.2,109.4,83.1,115.1,63.8,41.7,59.8,41,79.9,39.5,23.3,63.9,58.1,99.4,79.6,28,24.1,30.9,40.5,26,26.4,50,29.1,177.8,60.3,29.9,78.6,91.2,92.9,51.4,16.3,16.2,20,49.8,95.4,87.4,11.4,24.2,39.2,45.4,59.6,72.2,30.3,25,83.8,24.4,52.4,80.2,145.9,47.8,110.6,36.8,17,22.4,43.5,22,66.6,36.8,44.4,67.6,70,52.6,71.2,36.6,30.2,16,39.6,48.3,31.6,87,11.6,50.4,67.8,58.2,55.2,59.8,46.4,59.5,61.1,32.2,6.8,101,200.6,124.8,40.3,19.2,36.8,42.2,47.2,96.6,17.2,66.7,50,41.2,54.2,105.6,61.8,81.6,43.6,71.9,34.6,44.6,49,21.2,19.6,51.6,29.5,96.6,64,16,46.4,76,44.1,50.2,66.6,38.4,30.8,21,58.2,50,113.8,74.8,45.9,72.2,25.9,29.1,49.2,5.8,13.2,25.6,46.8,54,59.2,21,36.6,20.6,62.4,45.6,13,25,155.4,35.8,121.8,69.8,61.2,48.4,71.8,83.8,95.2,35.1,28.1,62,7.4,66.2,45.4,43.6,35.7,22,105.7,38.8,27.6,95.4,32,27.2,23.4,118.2,33.8,18.6,61.6,9.6,88.8,66,49.8,23.1,23.5,24,14.2,63,35,49.2,79.2,54.2,48.2,56.8,60.8,59.6,44.8,68.8,51.6,40.8,120,43.8,46
Whitby,-0.62411,54.48073,41,12.7,26.7,9.5,44.2,44.8,17.4,29.5,51.1,40.4,28.5,54.3,31.5,97.6,14.8,108.7,55.3,33.7,75.5,17.8,81.4,34.1,66.5,56.6,93.2,17,95.1,39.5,55.9,27.9,62.7,27.8,15.2,117,7,39.6,60.1,58.6,52.9,75.5,32.2,24.4,45.1,34.5,28.8,37.1,58.5,81.4,28,66,35.2,35.1,31.98485523,48.4,46.3,30.50845316,52.6,73.7,53,39,20.6,49.2,9,77.2,64.1,48.6,43.5,36.3,31,22.9,9.5,63.3,31.1,25.9,28.3,93.3,101.1,41.9,10.5,25.3,53,34.7,37.7,41.8,90.8,11.9,14.3,63.3,8.9,50.6,41.6,47.2,27.2,38.6,67.5,24,9.7,18.7,8.1,69.9,11.7,11.9,9,4,44.7,62.8,32.6,81.6,41,67.5,32.8,26.7,39.9,73.3,44.5,37.3,8.1,12.1,37.3,36.5,33.3,72.5,44.77269265,67.4,27.1,48.7,14.9,31.3,39.1,57.1,31,49.1,22.2,55.4,27.2,61.6,40.1,61.2,9.2,18.2,12.8,85.7,4.9,9.8,10.1,131.7,98.4,30.9,96.2,88.5,79.5,44.8,33.6,52.7,46.7,17.6,38,11.9,44.7,52.1,43.5,65.6,64.4,30.6,29,53.7,36.2,102.2,86.3,50.1,18.9,27.3,108.8,44.9,30.7,83.2,37.6,106,35.3,26.1,57.8,20.8,65.8,44.7,107.9,76.5,44.3,56,11.4,12.2,85.8,51.1,107.2,30,76.5,44.8,36.4,20.4,38.7,88.6,31.2,40.9,15.9,107,42.2,80.9,108.1,45.6,76.7,39.7,14.9,52.2,5.9,17.2,171.8,13.5,52.4,34.3,53.2,59.7,51.6,27,14.3,34,93.1,63.6,24.3,30.9,46.2,60.3,45.4,33.4,73.6,86,29.4,59.9,11.6,37.6,50.7,38,53.8,78.1,44.9,110.9,17.9,54.4,3.7,51.5,53.1,82.6,33.6,78,48.2,37,23,80.2,48.9,63.7,23.1,38.9,68.2,87.6,25.1,25.4,97.8,21.7,38.3,26.1,99.8,31.5,31.4,75.1,59.4,25.3,80.4,59.2,66.7,44.5,96.3,27.6,30.4,62.3,50.9,63.8,39.3,33.6,14.4,76.3,44.8,33.3,75.9,65,15.6,10.7,32,32.9,32.5,18.5,50.6,21.2,34.3,22.4,43.1,40.7,50.7,69.6,67.8,7.2,12,22.8,64.6,17.9,32.6,27.6,66.9,25.1,87.6,42.1,63.7,31.5,13.1,14.6,42,26.4,11.5,13.1,43.8,60.5,41.8,28.2,25.8,51.5,36.1,12,29.9,60.4,44.9,103.7,72.8,58.5,57.8,33.7,8.9,10.2,90.3,46.4,26,36.5,139,42.6,36.1,52.9,64.6,83.5,52.6,34,29.9,21.6,17.5,40.2,38.3,62.2,37,49.8,88.7,68.1,50.8,25.3,14.73698608,27,25.6,25.5,3.4,95.4,15.4,50.3,74.1,42,47.9,19.6,25.8,34.9,24.3,12.3,38.9,14.5,19.3,63.9,66,11.1,57.4,12.4,4.8,39,124.9,60.8,43.5,10.8,25.2,52.7,81,61.7,2.9,47.8,105.2,45.8,65.5,34.2,30.3,41.5,57.6,69.9,38.7,68.5,31.4,74.1,37.6,39.8,62.7,7.8,62.7,53.5,49.6,43.8,37.2,43.5,28.8,21.5,126.2,39,62.2,79.5,33.6,107.7,111.9,79.95565036,90.5,41.3,90.6,48,65.4,10.1,71,42.6,70.1,85.9,61.8,42,61.1,29.9,59.2,38.1,15.5,44.7,29,52.6,138.4,32.7,117.9,101.1,103,87.5,13.1,14,17.8,35.8,70.8,25.7,27.2,70.8,61.1,48.1,96.5,123.5,53.9,35,90.5,25,81.7,76.3,131.2,12.1,108.5,36.7,36.5,26.6,54.1,61.6,69.1,32.7,36.7,98.6,65.3,48.3,51.1,85.8,49,23.5,51.9,74,44.9,88.6,7.8,24.1,81.1,57.7,60.3,64.9,71.7,53.6,60.9,32.3,2.7,55.3,139.5,86.5,23.6,34.1,18.2,85.7,64.5,99.7,30,68.1,67.7,17.4,54.1,97.2,86.7,76,45.7,62.4,76.7,49,52.1,20.2,29.8,42.3,49.8,84.5,23.4,28,68.8,125.3,82.8,91.2,98.5,38.9,14.2,11.7,34.6,32.7,57.4,85.4,79.7,189,105.5,47.4,54.1,4.7,17.1,29.3,53,66.1,133.1,25.4,52.6,29.3,49.2,32.3,16,22.3,135.6,55.6,97,72,61.5,82.8,61.4,137.2,109.2,81.4,25.2,46.4,7.4,97.4,43.9,21,35.1,43.5,61.3,31,52.8,112.7,88.5,31.7,40.3,100.1,39.6,40.7,94.1,21.5,62.8,67.6,35.1,35.6,23.2,16.1,12.9,60.2,30.2,62.3,53.9,52.7,49.8,92,79.5,166.6,41.6,90.1,63.8,41.9,63.5,31.3,66.4
Wick,-3.0884,58.45406,36,117.6,47.3,63.5,74.7,90.7,44.6,23.8,69.9,59.6,40,98.4,56.1,103.1,55.7,86.7,96.1,45.5,67.1,80.7,13.2,68.1,106.5,86.5,86.2,76,136,102,137.8,101.3,57.3,87.6,43.9,60.8,33.3,33.9,68,90.6,91.2,80.7,121.5,77.5,52.1,55.4,65.4,53.1,67.9,74.4,56.7,43.9,105.3,34,55.6,140,50.1,18.7,56,50.2,35.1,40.6,59.4,89.1,73.3,83.1,93,51.8,97.7,69,59.9,37.2,19.7,68.3,96.9,68.5,105,168.2,50.2,75.2,29.5,71.6,22.1,57.9,60.3,57,50.2,33.2,53.8,90.4,39,63.2,68.8,21.7,52.4,37.1,65.7,47,34.9,24.5,22.9,96.6,27.5,31.2,67.2,14.1,95.8,49,44.3,54.3,102.8,81.9,57.3,161.9,103,51.2,69.2,35,15.3,51.1,56.2,55.7,66.8,65.5,71.7,114,81.2,80.5,14.9,40.2,58.8,33.2,22.2,46.2,58.6,92.1,22.4,70.6,82.6,134.4,57.2,75.2,14.5,29.5,23.3,34.1,20.8,93.5,84.1,32.9,63.9,77.7,60.6,46.2,74.4,70.4,60.3,33.2,83.3,62.4,31.3,111.2,41.6,92.4,72.2,94.6,35.3,21.2,29.9,50.6,41.8,113.7,55.5,69.3,63.4,66.5,23.9,71.6,87,67.8,59.7,86.9,72,56.9,104.5,131.1,107.1,76.3,58.2,71.8,15.3,9.5,55.7,58.6,65.8,98.7,116.2,134.6,111.3,97.6,58.5,72.8,30.5,43.4,85.5,63.9,61.9,103.2,130.9,125.3,71.6,80.8,26.1,92.4,36.3,61.7,13.8,49.4,73.3,102.9,70.9,117.4,115.8,104.3,47.6,71.9,41.5,34.1,51.4,23.7,24.9,88.1,92.6,31.7,114.8,136.9,58.8,56.2,47.6,11.8,50.9,34.9,16.9,99,176.1,137.3,85.9,83.2,30.4,76.9,87.7,76.2,88.5,90.8,127,98,20.3,140.2,81.3,77.6,21.5,57.2,42.6,62.7,43.5,66.8,72.8,67.8,66,41.5,114.6,50,67.4,117.1,42.1,41.8,31.8,99.4,54.2,62.5,114.1,69.4,58.2,86.4,60.1,79.7,49.8,54.9,12.5,86.7,91,62.7,102,76.5,67.4,24.5,86,42.5,50,33.6,30.9,57.1,65.5,47.1,74.2,43.2,49.4,39.5,115.1,70.4,53.8,25.6,69.8,44.5,83.2,95.2,71.3,89.1,76.7,44.7,44.8,89.2,24,49.6,74.1,63.8,35.1,44.8,72.1,128,51.2,46.8,64.3,87.5,61.7,43.7,41,65.2,151.2,96.1,97.3,79.8,49.6,93.7,31.2,56.5,34.2,65.8,44.8,85.8,63.6,31.1,84.6,41.4,75,82.9,30.4,70.5,47.4,19.6,45.6,47,53,86.4,61,95,62.6,98,73.6,67.2,74.4,73.8,49.4,46.9,16.8,160.4,59.6,69.6,38.3,22.6,106.8,63.6,58.2,69.4,27.6,33,29.9,35.6,114.2,164.4,98,35.8,102.2,93.6,60.6,81.4,78,42.8,38.6,49,32.8,81,71.8,101.8,87.9,85.8,51.6,29.6,61.8,121,64.2,87,167.9,106.3,67.6,80.2,90.8,47.4,59.6,64.7,93,30.2,57.6,80,78.4,70.6,117,71,66.4,73.4,86.6,47.2,48.4,26.2,64.6,60,93.8,113.3,97.3,27.2,78.8,38.4,33.1,42.4,51.4,81.4,102.2,105.8,129.8,88.4,94,84.2,117,54.4,42.6,25.4,62,104.6,34.9,29.6,117.8,107,64.4,103.2,31.4,30.6,50.6,78.6,73.8,36,29.4,55.2,95.6,62.8,94.6,96,48.6,36.6,64.4,26.6,87.6,48.8,58.4,66.4,111.2,80.2,54.8,96.4,65,58.2,36.6,57.6,79.8,40.4,81.8,50.2,80.6,92.2,67.8,22.6,30.6,56.2,56.1,53.2,37.6,37.8,83.4,63.2,234.6,95.6,58.4,76.4,87.2,50.6,36.8,67.8,29.6,93.6,89.8,51.4,32.4,106.8,62,117.8,37,58.4,58.8,9.2,67,29.8,58.6,67,89,53.2,73.4,36.6,71.2,75.8,34.2,52.2,45.3,104.8,89.8,93.6,126.8,127.6,63.4,49.9,73,53.4,43.2,54.2,25.6,88.2,65.4,82.6,48.8,67.8,58.4,67.8,51.8,50,28.4,86.6,53.6,22.8,180.2,59.2,74.2,39,95.8,91.6,43,16,78.2,26.8,44.4,55,62,84.4,95.8,62.1,124.7,59.5,48.4,33.8,37.4,50.4,22.6,39.8,42.8,52.8,85.4,108.6,60.8,82.8,78.2,35.6,32.6,46.4,45.2,48.6,122.2,38.8,95.4,93,69.2,100,28.6,62,37.2,83,66,80.8,83,24.8,67.4,72.4,52.6,141.6,75.6,34.2,64,35.4,39.4,112.1,63.9
Yeovilton,-2.64148,51.00586,20,37.4,77.8,45.5,65.1,74.6,3.3,75.8,32.4,59.7,41.6,155.2,89.3,77.3,16.8,88.1,94.1,54.2,100.4,19.7,95,73.9,49.1,54.8,106.6,20.5,126.8,90.5,83.7,67.5,78.7,53.4,16.8,131.9,23.7,65.2,42.3,86.5,133.1,38.3,53.8,59.7,48,23.2,56,51.3,66.2,89.1,48.4,98.3,58.8,55,61,74,93.9,51.6,36.8,88.8,30.4,81.9,45.1,56,10.4,118.8,68.3,112.1,54.8,34.7,46.3,20.1,42.3,55.9,100.1,65.6,17,140.1,36.1,119.8,27.9,51.2,63,32.7,112.4,28,88.2,7.9,49.6,67.5,44.5,91.5,108.5,85.8,53.5,57.1,78.5,35.1,41.4,28.9,36.8,96.3,125.4,36.7,29.5,19.3,36,65.9,87.9,99.4,64.1,66.2,31,34.9,75.5,123.3,94.8,33,8.8,58.4,90.2,23.5,101.2,160.6,57.6,105.1,34.7,94.6,15.4,82.4,43.4,30.9,5.1,99.9,58,83.7,21.6,58.5,15.8,10.8,37.9,56.3,2.6,22.4,4.9,19.7,39.8,150.8,188.4,73.2,108.3,82.7,110.9,95.9,25.3,49,74.4,50.5,86.5,18,26.7,51.4,88.3,80.3,137.6,61.8,38.6,40.6,41.2,87.4,28.8,16.6,5.8,32.6,128.7,68.2,50.1,104,60.2,171.3,48.3,39,76.6,20.7,64,47.6,136.7,69.6,86.7,113.5,28,36.6,139.8,58,29.4,69.5,69.6,31.3,47.2,37.6,38,75.3,23.2,78,39.2,50,22.3,115.8,62.2,39.2,147.5,34.3,42,89,18.5,21,97.4,85.1,46.7,57.3,106,110.4,82.4,71.7,14.1,42.5,77.2,82.9,33.5,14.4,29.1,65.9,56.5,19.7,69.8,118.6,35.7,44.2,1.6,62.6,22.6,23.1,30.2,55.1,41,110.9,66.6,53.6,47.3,38.8,45.1,43.2,64,41.5,76.1,21.3,31.7,39.5,129.1,98.6,2.1,50.3,73.6,81.1,34.7,42.4,92.6,33.5,60.8,84.5,111.3,12.7,55.1,57.2,63.7,28.9,67.2,32.5,29.4,42.7,133.3,60.1,37.1,107.7,56,69,22.2,38.3,31.9,132.7,64.8,25.4,77.6,24.8,17.5,38,78.5,58.7,60.9,25.2,22.3,73.7,40.5,52.7,75.6,48,166.1,103.9,133,25.6,30.5,5.7,49.3,22.1,46.8,49.4,43,41.7,63.3,86,31.1,58,80.8,12.3,98.1,77.4,37.7,69.2,71.2,47.3,23.1,31.8,24.6,46.7,48.8,11.5,92.5,54.7,106.1,104.7,39,92,69.7,103.1,3.9,33.4,64.1,48.2,67.7,62.6,20.1,105,100.6,39.2,117.9,99.8,81.1,52,47.8,71.7,18.9,38.9,73.6,87.6,71.3,84.1,92.9,132.3,71.4,39.9,30.8,41.7,10.8,16,17.4,98.6,51.8,91.6,72.2,54.6,69,53.9,45,41.6,34.8,17.2,56,18.6,50.4,106,14.4,8.6,74.4,31.5,19.4,55.6,71.4,30.3,151,18.8,48.8,110.6,61,83,9,44,102.8,39,90.9,48.2,24.2,80.8,135.8,58,78.7,85.2,30.8,52,70.6,51.6,63.2,10,114.6,130.2,68,47.4,137.5,20.6,72.6,31.8,132.6,60.8,21.6,53.8,44.6,80.8,162.4,119,135.1,85,57,88,66,23,16.4,81.4,79.4,26.2,117.4,40.2,25.8,66.2,74,51.8,63.5,96.4,32.1,63.6,46.8,26.8,142.6,192.4,100.4,69.6,34.2,29,31.6,44,47.2,70,11.6,5,48.6,95.3,56.8,101,42.4,34.6,59,28,35.8,48.4,95.5,29.8,88.4,23.3,60.4,34.4,23.2,43.2,85.6,31.4,112.9,54.4,41.9,26.2,109.1,72.2,68.6,16.2,46.4,38.3,19,74.7,32.7,29.9,49.8,53.1,108.7,90.4,85.8,58,69,48.6,3,88.8,102.8,98.8,54,34,36.8,67.8,67.6,92.8,26.8,87.7,49.6,96,26.8,93.4,61,63.4,82.8,57,70.3,74.2,47.6,32.6,33,30.1,52.4,111.2,40.6,14.2,64.4,94.8,82.6,49.8,64.6,41.6,37.8,41.8,31,22.4,72.6,55,62,66.6,29.9,77.4,38,20,5.8,36.6,71,30.4,70.2,50.6,49.4,50.8,88.6,43.8,18,22.8,136.6,33.6,118.2,94.2,105.8,46.4,93.6,138.6,135,82.4,31.8,41.2,18.6,49.2,25.7,40.4,15.2,67.6,115.8,42.9,121.4,166.4,131.2,38.4,62.2,59.6,79,56.8,74.6,3.2,99.8,108,34.8,75.4,41.8,27.9,25.8,55.2,23.8,66.6,95.6,50,58.6,51,65.4,84.4,80.4,77,45.2,61,111,4.4,35.2
